target,H,feature_set,train_scope,modelo,test_scope,valid_pr_auc,n,positivos,prevalencia,pr_auc,roc_auc,brier,umbral,alertas,precision,recall,f1,f2,tp,fp,fn,tn,precision_top5,recall_top5,precision_top10,recall_top10,precision_top20,recall_top20,obras_con_onset_en_test,obras_alertadas_antes_del_onset,anticipacion_mediana_dias
atraso,30,A,nacional,regla,arequipa,0.04433744235797273,808,42,0.05198019801980198,0.10984202011902434,0.6549484023374363,,12.000217057035176,230,0.09130434782608696,0.5,0.15441176470588236,0.2638190954773869,21,209,21,557,0.05,0.047619047619047616,0.09876543209876543,0.19047619047619047,0.09259259259259259,0.35714285714285715,43,22,26.0
atraso,30,A,nacional,regla,nacional,0.04433744235797273,19538,510,0.02610297881052308,0.040521049099393594,0.6210186124060724,,12.000217057035176,4589,0.040095881455654826,0.3607843137254902,0.07217101392429888,0.13878413033640066,184,4405,326,14623,0.0593654042988741,0.11372549019607843,0.05066530194472876,0.19411764705882353,0.042988741044012284,0.32941176470588235,542,223,62.0
atraso,30,A,nacional,logreg,arequipa,0.055420648543808876,808,42,0.05198019801980198,0.10280236139061348,0.6738157403953748,0.23105799954326067,0.46946901628528487,374,0.0748663101604278,0.6666666666666666,0.1346153846153846,0.25830258302583026,28,346,14,420,0.15,0.14285714285714285,0.1111111111111111,0.21428571428571427,0.10493827160493827,0.40476190476190477,43,31,40.0
atraso,30,A,nacional,logreg,nacional,0.055420648543808876,19538,510,0.02610297881052308,0.06259356026960462,0.7166628539160039,0.16724653190261168,0.46946901628528487,5647,0.05206304232335753,0.5764705882352941,0.09550105570894916,0.19123195004553142,294,5353,216,13675,0.08597748208802457,0.16470588235294117,0.07113613101330604,0.2725490196078431,0.05885363357215967,0.45098039215686275,542,350,39.0
atraso,30,A,nacional,rf,arequipa,0.07337546831471096,808,42,0.05198019801980198,0.12540705028655563,0.7184819097351735,0.08274639997388643,0.2927599755524578,236,0.1016949152542373,0.5714285714285714,0.17266187050359713,0.297029702970297,24,212,18,554,0.175,0.16666666666666666,0.16049382716049382,0.30952380952380953,0.11728395061728394,0.4523809523809524,43,28,35.5
atraso,30,A,nacional,rf,nacional,0.07337546831471096,19538,510,0.02610297881052308,0.08803181554482206,0.7578023305180808,0.061365543931890636,0.2927599755524578,3849,0.07040789815536502,0.5313725490196078,0.12434044505620555,0.23008999830191884,271,3578,239,15450,0.10337768679631525,0.1980392156862745,0.08393039918116683,0.3215686274509804,0.07011258955987718,0.5372549019607843,542,332,37.0
atraso,30,A,nacional,lgbm,arequipa,0.07225121235407787,808,42,0.05198019801980198,0.12206280196487257,0.6921235857267188,0.04834319464358385,0.032523982269464916,358,0.08379888268156424,0.7142857142857143,0.15,0.28517110266159695,30,328,12,438,0.1,0.09523809523809523,0.1728395061728395,0.3333333333333333,0.11728395061728394,0.4523809523809524,43,35,36.0
atraso,30,A,nacional,lgbm,nacional,0.07225121235407787,19538,510,0.02610297881052308,0.08104480465004331,0.7499079787475217,0.02478941123110367,0.032523982269464916,6037,0.0556567831704489,0.6588235294117647,0.1026424316480831,0.20799801906648507,336,5701,174,13327,0.1105424769703173,0.21176470588235294,0.09058341862845445,0.34705882352941175,0.06780962128966223,0.5196078431372549,542,402,39.5
atraso,30,A,nacional,xgb,arequipa,0.06983458809561792,808,42,0.05198019801980198,0.15239306497573385,0.7059244063160511,0.04757992550730705,0.04041144410007863,311,0.08038585209003216,0.5952380952380952,0.141643059490085,0.2609603340292276,25,286,17,480,0.2,0.19047619047619047,0.18518518518518517,0.35714285714285715,0.12345679012345678,0.47619047619047616,43,30,36.5
atraso,30,A,nacional,xgb,nacional,0.06983458809561792,19538,510,0.02610297881052308,0.08540104733703803,0.7507957313680149,0.02472977340221405,0.04041144410007863,4332,0.06348107109879964,0.5392156862745098,0.11358942585708386,0.2157878217200251,275,4057,235,14971,0.10337768679631525,0.1980392156862745,0.08239508700102355,0.3156862745098039,0.06832139201637666,0.5235294117647059,542,340,40.0
atraso,30,A,arequipa,regla,arequipa,0.05580593104533163,808,42,0.05198019801980198,0.10984202011902434,0.6549484023374363,,7.0000604440201,369,0.08401084010840108,0.7380952380952381,0.15085158150851583,0.2886405959031657,31,338,11,428,0.05,0.047619047619047616,0.09876543209876543,0.19047619047619047,0.09259259259259259,0.35714285714285715,43,31,32.0
atraso,30,A,arequipa,regla,nacional,0.05580593104533163,19538,510,0.02610297881052308,0.040521049099393594,0.6210186124060724,,7.0000604440201,7397,0.03704204407192105,0.5372549019607843,0.06930567851271026,0.1451732542121437,274,7123,236,11905,0.0593654042988741,0.11372549019607843,0.05066530194472876,0.19411764705882353,0.042988741044012284,0.32941176470588235,542,311,45.0
atraso,30,A,arequipa,logreg,arequipa,0.06775996792576933,808,42,0.05198019801980198,0.10854855135304493,0.5946786025115007,0.1565787281722303,0.49717392926909115,163,0.09202453987730061,0.35714285714285715,0.14634146341463414,0.22658610271903323,15,148,27,618,0.15,0.14285714285714285,0.09876543209876543,0.19047619047619047,0.09259259259259259,0.35714285714285715,43,17,13.0
atraso,30,A,arequipa,logreg,nacional,0.06775996792576933,19538,510,0.02610297881052308,0.04207580345176948,0.6198263034454901,0.15698474411548352,0.49717392926909115,3851,0.04388470527135809,0.33137254901960783,0.07750515936711763,0.14343914445764727,169,3682,341,15346,0.05834186284544524,0.11176470588235295,0.054759467758444216,0.20980392156862746,0.04452405322415558,0.3411764705882353,542,229,49.0
atraso,30,A,arequipa,rf,arequipa,0.2040570013117642,808,42,0.05198019801980198,0.09359284602723426,0.6733184135272908,0.13115107274829174,0.5582637836185099,36,0.1111111111111111,0.09523809523809523,0.10256410256410256,0.09803921568627451,4,32,38,734,0.125,0.11904761904761904,0.08641975308641975,0.16666666666666666,0.1111111111111111,0.42857142857142855,43,6,57.0
atraso,30,A,arequipa,rf,nacional,0.2040570013117642,19538,510,0.02610297881052308,0.0627759769575629,0.7087144023049623,0.1139946522390209,0.5582637836185099,537,0.0893854748603352,0.09411764705882353,0.09169054441260745,0.09313154831199069,48,489,462,18539,0.08290685772773797,0.1588235294117647,0.07471852610030706,0.28627450980392155,0.05706243602865916,0.4372549019607843,542,60,36.5
atraso,30,A,arequipa,lgbm,arequipa,0.21168224364833663,808,42,0.05198019801980198,0.09759602595303522,0.677763272410792,0.04921351265212054,0.0915252113951901,48,0.08333333333333333,0.09523809523809523,0.08888888888888889,0.09259259259259259,4,44,38,722,0.05,0.047619047619047616,0.14814814814814814,0.2857142857142857,0.10493827160493827,0.40476190476190477,43,8,57.0
atraso,30,A,arequipa,lgbm,nacional,0.21168224364833663,19538,510,0.02610297881052308,0.05180868170199443,0.6706747435152324,0.0254218287021199,0.0915252113951901,748,0.06951871657754011,0.10196078431372549,0.08267090620031796,0.09325681492109039,52,696,458,18332,0.06755373592630501,0.12941176470588237,0.059877175025588536,0.22941176470588234,0.05245649948822927,0.4019607843137255,542,81,38.0
atraso,30,A,arequipa,xgb,arequipa,0.19790845704944302,808,42,0.05198019801980198,0.09358567711821884,0.6598905880890213,0.04883377626538277,0.057562881623530515,165,0.09696969696969697,0.38095238095238093,0.15458937198067632,0.24024024024024024,16,149,26,617,0.15,0.14285714285714285,0.09876543209876543,0.19047619047619047,0.09876543209876543,0.38095238095238093,43,19,19.0
atraso,30,A,arequipa,xgb,nacional,0.19790845704944302,19538,510,0.02610297881052308,0.05301793523559459,0.6560622220298673,0.02555869147181511,0.057562881623530515,3168,0.05303030303030303,0.32941176470588235,0.09135399673735727,0.16129032258064516,168,3000,342,16028,0.07471852610030706,0.14313725490196078,0.06294779938587512,0.2411764705882353,0.04836233367451382,0.37058823529411766,542,220,41.0
atraso,30,A_sin_ib,nacional,lgbm,arequipa,0.07293075089459528,808,42,0.05198019801980198,0.1073184995598506,0.6731629988810145,0.04861134623714097,0.03491031878347066,351,0.08547008547008547,0.7142857142857143,0.15267175572519084,0.28901734104046245,30,321,12,445,0.1,0.09523809523809523,0.13580246913580246,0.2619047619047619,0.11728395061728394,0.4523809523809524,43,33,37.0
atraso,30,A_sin_ib,nacional,lgbm,nacional,0.07293075089459528,19538,510,0.02610297881052308,0.07649303502323622,0.74252432947112,0.024875245120453207,0.03491031878347066,5495,0.05950864422202002,0.6411764705882353,0.10890924229808494,0.21698739216987392,327,5168,183,13860,0.10133060388945753,0.19411764705882353,0.08239508700102355,0.3156862745098039,0.0642272262026612,0.492156862745098,542,388,39.0
atraso,30,A_asientos,nacional,lgbm,arequipa,0.07239472207716709,808,42,0.05198019801980198,0.11271182822970684,0.6996145716772348,0.04864491978196404,0.03402107787150003,314,0.09872611464968153,0.7380952380952381,0.17415730337078653,0.3215767634854772,31,283,11,483,0.15,0.14285714285714285,0.14814814814814814,0.2857142857142857,0.09876543209876543,0.38095238095238093,43,35,36.0
atraso,30,A_asientos,nacional,lgbm,nacional,0.07239472207716709,19538,510,0.02610297881052308,0.07279830499764166,0.7344730881631609,0.02491504739380141,0.03402107787150003,5331,0.05477396360907897,0.5725490196078431,0.0999828796438966,0.19807353140686473,292,5039,218,13989,0.10030706243602866,0.19215686274509805,0.08085977482088025,0.30980392156862746,0.0609007164790174,0.4666666666666667,542,367,41.0
atraso,30,B_lex,nacional,lgbm,arequipa,0.08324043692855396,808,42,0.05198019801980198,0.14419555769844372,0.704432425711799,0.047481873829206135,0.0605004320795252,179,0.12290502793296089,0.5238095238095238,0.19909502262443438,0.3170028818443804,22,157,20,609,0.225,0.21428571428571427,0.18518518518518517,0.35714285714285715,0.13580246913580246,0.5238095238095238,43,26,36.5
atraso,30,B_lex,nacional,lgbm,nacional,0.08324043692855396,19538,510,0.02610297881052308,0.09764727645194789,0.7778135008470489,0.02453229130810088,0.0605004320795252,2158,0.09916589434661724,0.4196078431372549,0.16041979010494753,0.25488327775131014,214,1944,296,17084,0.1218014329580348,0.23333333333333334,0.10286591606960081,0.3941176470588235,0.07318321392016376,0.5607843137254902,542,266,36.0
atraso,30,B_lex_sinproxy,nacional,lgbm,arequipa,0.08025776895650273,808,42,0.05198019801980198,0.1331184269635846,0.7015261718264327,0.048130623119124416,0.04811608159103004,201,0.10945273631840796,0.5238095238095238,0.18106995884773663,0.2981029810298103,22,179,20,587,0.25,0.23809523809523808,0.16049382716049382,0.30952380952380953,0.12345679012345678,0.47619047619047616,43,26,35.5
atraso,30,B_lex_sinproxy,nacional,lgbm,nacional,0.08025776895650273,19538,510,0.02610297881052308,0.08945294198783516,0.7668968228451776,0.02466788170298641,0.04811608159103004,2951,0.08166723144696712,0.4725490196078431,0.13926610806125397,0.24143458224804648,241,2710,269,16318,0.12487205731832139,0.23921568627450981,0.09416581371545547,0.3607843137254902,0.07062436028659161,0.5411764705882353,542,298,36.0
atraso,30,B_ie,nacional,lgbm,arequipa,0.07549575655205804,808,42,0.05198019801980198,0.11104394268521565,0.6821770483650379,0.048436077680953,0.03339269221670788,382,0.07853403141361257,0.7142857142857143,0.14150943396226415,0.2727272727272727,30,352,12,414,0.15,0.14285714285714285,0.13580246913580246,0.2619047619047619,0.10493827160493827,0.40476190476190477,43,36,35.5
atraso,30,B_ie,nacional,lgbm,nacional,0.07549575655205804,19538,510,0.02610297881052308,0.07714094866538017,0.7494740980268499,0.024839096196307604,0.03339269221670788,5741,0.05748127503919178,0.6470588235294118,0.10558310670292753,0.21205500578331835,330,5411,180,13617,0.10337768679631525,0.1980392156862745,0.08444216990788127,0.3235294117647059,0.06627430910951894,0.5078431372549019,542,403,40.0
atraso,30,B_lsa,nacional,lgbm,arequipa,0.07405899222906416,808,42,0.05198019801980198,0.131857724734242,0.6982313813253761,0.04815691023046196,0.03690563596633711,294,0.09183673469387756,0.6428571428571429,0.16071428571428573,0.2922077922077922,27,267,15,499,0.2,0.19047619047619047,0.18518518518518517,0.35714285714285715,0.12962962962962962,0.5,43,32,37.5
atraso,30,B_lsa,nacional,lgbm,nacional,0.07405899222906416,19538,510,0.02610297881052308,0.08331384320803933,0.761639194252433,0.024794448888036977,0.03690563596633711,4444,0.0675067506750675,0.5882352941176471,0.12111425111021397,0.2313386798272671,300,4144,210,14884,0.11668372569089049,0.2235294117647059,0.09109518935516889,0.34901960784313724,0.07088024564994883,0.5431372549019607,542,369,40.0
atraso,30,B_emb,nacional,lgbm,arequipa,0.06848984113035411,808,42,0.05198019801980198,0.1680230743951541,0.7041526793485017,0.04719321728818893,0.029840752374202046,363,0.0743801652892562,0.6428571428571429,0.13333333333333333,0.2542372881355932,27,336,15,430,0.25,0.23809523809523808,0.19753086419753085,0.38095238095238093,0.12345679012345678,0.47619047619047616,43,32,36.5
atraso,30,B_emb,nacional,lgbm,nacional,0.06848984113035411,19538,510,0.02610297881052308,0.08294797949558191,0.7597153008775509,0.024727531252943084,0.029840752374202046,6058,0.056784417299438755,0.6745098039215687,0.10475030450669914,0.2123981229933317,344,5714,166,13314,0.10849539406345957,0.20784313725490197,0.09109518935516889,0.34901960784313724,0.06832139201637666,0.5235294117647059,542,406,38.5
atraso,30,B_stack_tfidf,nacional,lgbm,arequipa,0.08099235348961029,808,42,0.05198019801980198,0.10796835067999289,0.6928695760288448,0.0483490607139498,0.042523360038841065,267,0.09737827715355805,0.6190476190476191,0.16828478964401294,0.2988505747126437,26,241,16,525,0.15,0.14285714285714285,0.1111111111111111,0.21428571428571427,0.1111111111111111,0.42857142857142855,43,30,37.5
atraso,30,B_stack_tfidf,nacional,lgbm,nacional,0.08099235348961029,19538,510,0.02610297881052308,0.09269210285048193,0.7755572283569724,0.02460714352184443,0.042523360038841065,3687,0.07892595606183889,0.5705882352941176,0.13867047891350964,0.25405971712938713,291,3396,219,15632,0.11975435005117707,0.22941176470588234,0.10286591606960081,0.3941176470588235,0.07650972364380758,0.5862745098039216,542,348,39.0
atraso,30,B_stack_emb,nacional,lgbm,arequipa,0.07229638181384215,808,42,0.05198019801980198,0.16420121854910885,0.7066082307596668,0.0477057523951003,0.03400952902272689,349,0.0830945558739255,0.6904761904761905,0.1483375959079284,0.2804642166344294,29,320,13,446,0.175,0.16666666666666666,0.1728395061728395,0.3333333333333333,0.13580246913580246,0.5238095238095238,43,34,38.5
atraso,30,B_stack_emb,nacional,lgbm,nacional,0.07229638181384215,19538,510,0.02610297881052308,0.0873797317005951,0.765126006257033,0.024703015853741173,0.03400952902272689,5528,0.061324167872648334,0.6647058823529411,0.11228883736336535,0.2239693446088795,339,5189,171,13839,0.11975435005117707,0.22941176470588234,0.09211873080859775,0.35294117647058826,0.07190378710337769,0.5509803921568628,542,403,40.0
atraso,30,B_full,nacional,regla,arequipa,0.04433744235797273,808,42,0.05198019801980198,0.10984202011902434,0.6549484023374363,,12.000217057035176,230,0.09130434782608696,0.5,0.15441176470588236,0.2638190954773869,21,209,21,557,0.05,0.047619047619047616,0.09876543209876543,0.19047619047619047,0.09259259259259259,0.35714285714285715,43,22,26.0
atraso,30,B_full,nacional,regla,nacional,0.04433744235797273,19538,510,0.02610297881052308,0.040521049099393594,0.6210186124060724,,12.000217057035176,4589,0.040095881455654826,0.3607843137254902,0.07217101392429888,0.13878413033640066,184,4405,326,14623,0.0593654042988741,0.11372549019607843,0.05066530194472876,0.19411764705882353,0.042988741044012284,0.32941176470588235,542,223,62.0
atraso,30,B_full,nacional,logreg,arequipa,0.06874462021885754,808,42,0.05198019801980198,0.10663924381372274,0.6661071739400721,0.2318655893041689,0.5733151054071135,234,0.0811965811965812,0.4523809523809524,0.13768115942028986,0.236318407960199,19,215,23,551,0.15,0.14285714285714285,0.14814814814814814,0.2857142857142857,0.09876543209876543,0.38095238095238093,43,23,38.0
atraso,30,B_full,nacional,logreg,nacional,0.06874462021885754,19538,510,0.02610297881052308,0.07679370210870004,0.7608764380252837,0.16775206327464834,0.5733151054071135,3559,0.07277325091317786,0.5078431372549019,0.1273040058982551,0.23129130201821754,259,3300,251,15728,0.10440122824974411,0.2,0.09007164790174002,0.34509803921568627,0.06934493346980553,0.5313725490196078,542,310,38.0
atraso,30,B_full,nacional,rf,arequipa,0.08730829160519478,808,42,0.05198019801980198,0.1809551067873298,0.7096854407559369,0.08706774906336374,0.2682155502922712,284,0.0880281690140845,0.5952380952380952,0.15337423312883436,0.27654867256637167,25,259,17,507,0.225,0.21428571428571427,0.18518518518518517,0.35714285714285715,0.11728395061728394,0.4523809523809524,43,28,47.0
atraso,30,B_full,nacional,rf,nacional,0.08730829160519478,19538,510,0.02610297881052308,0.1092088406708439,0.7880443474425717,0.05880093699949582,0.2682155502922712,4415,0.07270668176670442,0.6294117647058823,0.13035532994923857,0.24864446165762974,321,4094,189,14934,0.13817809621289662,0.2647058823529412,0.10133060388945753,0.38823529411764707,0.0767656090071648,0.5882352941176471,542,378,40.0
atraso,30,B_full,nacional,lgbm,arequipa,0.08165532071144323,808,42,0.05198019801980198,0.1346092148846112,0.7071988064155166,0.047710234361247356,0.04521441251562741,256,0.09765625,0.5952380952380952,0.16778523489932887,0.294811320754717,25,231,17,535,0.225,0.21428571428571427,0.1728395061728395,0.3333333333333333,0.12345679012345678,0.47619047619047616,43,29,36.0
atraso,30,B_full,nacional,lgbm,nacional,0.08165532071144323,19538,510,0.02610297881052308,0.10095491037645367,0.7880498089502777,0.024466169401370082,0.04521441251562741,3289,0.08695652173913043,0.5607843137254902,0.1505659384048434,0.26834302871082755,286,3003,224,16025,0.1299897645854657,0.24901960784313726,0.10593654042988741,0.40588235294117647,0.07804503582395086,0.5980392156862745,542,339,38.0
atraso,30,B_full,nacional,xgb,arequipa,0.0885916262907234,808,42,0.05198019801980198,0.11977388668905521,0.6968171080442621,0.04810893163084984,0.040864084746183166,306,0.0915032679738562,0.6666666666666666,0.16091954022988506,0.29535864978902954,28,278,14,488,0.175,0.16666666666666666,0.16049382716049382,0.30952380952380953,0.1111111111111111,0.42857142857142855,43,32,35.5
atraso,30,B_full,nacional,xgb,nacional,0.0885916262907234,19538,510,0.02610297881052308,0.09430967040610604,0.7776655249024141,0.02460281364619732,0.040864084746183166,4542,0.06803170409511229,0.6058823529411764,0.12232779097387174,0.23473108477666363,309,4233,201,14795,0.13613101330603888,0.2607843137254902,0.09979529170931423,0.38235294117647056,0.07420675537359263,0.5686274509803921,542,369,41.0
atraso,30,B_full,arequipa,regla,arequipa,0.05580593104533163,808,42,0.05198019801980198,0.10984202011902434,0.6549484023374363,,7.0000604440201,369,0.08401084010840108,0.7380952380952381,0.15085158150851583,0.2886405959031657,31,338,11,428,0.05,0.047619047619047616,0.09876543209876543,0.19047619047619047,0.09259259259259259,0.35714285714285715,43,31,32.0
atraso,30,B_full,arequipa,regla,nacional,0.05580593104533163,19538,510,0.02610297881052308,0.040521049099393594,0.6210186124060724,,7.0000604440201,7397,0.03704204407192105,0.5372549019607843,0.06930567851271026,0.1451732542121437,274,7123,236,11905,0.0593654042988741,0.11372549019607843,0.05066530194472876,0.19411764705882353,0.042988741044012284,0.32941176470588235,542,311,45.0
atraso,30,B_full,arequipa,logreg,arequipa,0.05609381372547577,808,42,0.05198019801980198,0.11765139805588753,0.6310145468108914,0.16057735527994182,0.5087869513711333,159,0.11320754716981132,0.42857142857142855,0.1791044776119403,0.27522935779816515,18,141,24,625,0.125,0.11904761904761904,0.12345679012345678,0.23809523809523808,0.1111111111111111,0.42857142857142855,43,20,33.0
atraso,30,B_full,arequipa,logreg,nacional,0.05609381372547577,19538,510,0.02610297881052308,0.048547105513690986,0.6687350323774665,0.133838105320476,0.5087869513711333,3053,0.059285948247625286,0.35490196078431374,0.10159977547010945,0.1776948753190654,181,2872,329,16156,0.06653019447287616,0.12745098039215685,0.06397134083930399,0.24509803921568626,0.05322415557830092,0.40784313725490196,542,222,40.0
atraso,30,B_full,arequipa,rf,arequipa,0.2470628515739902,808,42,0.05198019801980198,0.11065773460786285,0.6837622777570558,0.13030188240695606,0.5184463841173582,74,0.14864864864864866,0.2619047619047619,0.1896551724137931,0.22727272727272727,11,63,31,703,0.15,0.14285714285714285,0.14814814814814814,0.2857142857142857,0.11728395061728394,0.4523809523809524,43,15,15.0
atraso,30,B_full,arequipa,rf,nacional,0.2470628515739902,19538,510,0.02610297881052308,0.08274682585528471,0.7507775950405388,0.104054569765745,0.5184463841173582,882,0.10997732426303855,0.19019607843137254,0.13936781609195403,0.16598220396988364,97,785,413,18243,0.10849539406345957,0.20784313725490197,0.09211873080859775,0.35294117647058826,0.06755373592630501,0.5176470588235295,542,125,38.0
atraso,30,B_full,arequipa,lgbm,arequipa,0.21039117833851723,808,42,0.05198019801980198,0.09910203227004724,0.6607919930374239,0.048842290064748065,0.06151328679692748,118,0.11016949152542373,0.30952380952380953,0.1625,0.22727272727272727,13,105,29,661,0.125,0.11904761904761904,0.13580246913580246,0.2619047619047619,0.1111111111111111,0.42857142857142855,43,18,37.0
atraso,30,B_full,arequipa,lgbm,nacional,0.21039117833851723,19538,510,0.02610297881052308,0.07240016584033836,0.7196888383270061,0.024961688486008594,0.06151328679692748,1465,0.08737201365187713,0.25098039215686274,0.12962025316455697,0.1825962910128388,128,1337,382,17691,0.10542476970317298,0.2019607843137255,0.08393039918116683,0.3215686274509804,0.06397134083930399,0.49019607843137253,542,171,43.0
atraso,30,B_full,arequipa,xgb,arequipa,0.20739036026741028,808,42,0.05198019801980198,0.11188746027567312,0.6812445604873804,0.048498403280973434,0.05945055111868298,174,0.11494252873563218,0.47619047619047616,0.18518518518518517,0.29239766081871343,20,154,22,612,0.1,0.09523809523809523,0.13580246913580246,0.2619047619047619,0.11728395061728394,0.4523809523809524,43,22,35.0
atraso,30,B_full,arequipa,xgb,nacional,0.20739036026741028,19538,510,0.02610297881052308,0.07230266832375212,0.7213363072788501,0.025096213445067406,0.05945055111868298,2482,0.07695406929895246,0.37450980392156863,0.12767379679144386,0.21118973905351615,191,2291,319,16737,0.09825997952917093,0.18823529411764706,0.08290685772773797,0.3176470588235294,0.06653019447287616,0.5098039215686274,542,239,39.0
atraso,30,B_full_sinproxy,nacional,lgbm,arequipa,0.08905596306185731,808,42,0.05198019801980198,0.15681509217108244,0.7082400845455675,0.04749740251509934,0.037073055875755656,293,0.09215017064846416,0.6428571428571429,0.16119402985074627,0.2928416485900217,27,266,15,500,0.3,0.2857142857142857,0.16049382716049382,0.30952380952380953,0.12345679012345678,0.47619047619047616,43,31,37.0
atraso,30,B_full_sinproxy,nacional,lgbm,nacional,0.08905596306185731,19538,510,0.02610297881052308,0.09719977781368577,0.7778839336869917,0.024537590248569875,0.037073055875755656,4385,0.0709236031927024,0.6098039215686275,0.12706843718079674,0.24202334630350195,311,4074,199,14954,0.1269191402251791,0.24313725490196078,0.10133060388945753,0.38823529411764707,0.07599795291709315,0.5823529411764706,542,373,40.0
atraso,60,A,nacional,regla,arequipa,0.07828179521991716,693,63,0.09090909090909091,0.1661874308349045,0.6471151423532375,,8.000037408442212,310,0.13870967741935483,0.6825396825396826,0.23056300268096513,0.38256227758007116,43,267,20,363,0.11428571428571428,0.06349206349206349,0.15942028985507245,0.1746031746031746,0.16546762589928057,0.36507936507936506,42,29,32.0
atraso,60,A,nacional,regla,nacional,0.07828179521991716,16756,842,0.050250656481260446,0.07134746019957981,0.5883876056487708,,8.000037408442212,5976,0.06659973226238286,0.47268408551068886,0.11674977999413318,0.2129708904109589,398,5578,444,10336,0.10739856801909307,0.10688836104513064,0.08711217183770883,0.17339667458432304,0.07579826917338107,0.3016627078384798,534,281,56.0
atraso,60,A,nacional,logreg,arequipa,0.09907482850091043,693,63,0.09090909090909091,0.1695753920325422,0.6665658856135046,0.2435592687348763,0.46770360901380625,376,0.13031914893617022,0.7777777777777778,0.22323462414578588,0.39012738853503187,49,327,14,303,0.2,0.1111111111111111,0.17391304347826086,0.19047619047619047,0.18705035971223022,0.4126984126984127,42,35,37.0
atraso,60,A,nacional,logreg,nacional,0.09907482850091043,16756,842,0.050250656481260446,0.11519604622350829,0.7072807014663436,0.1662474946038433,0.46770360901380625,4674,0.09948652118100128,0.5522565320665083,0.16860043509789702,0.28910718726684903,465,4209,377,11705,0.17064439140811455,0.16983372921615203,0.14140811455847255,0.2814726840855107,0.11160847508206506,0.44418052256532065,534,339,58.0
atraso,60,A,nacional,rf,arequipa,0.11908213079168459,693,63,0.09090909090909091,0.18454463739103552,0.7298815822625346,0.16365651094450573,0.40131597957667864,303,0.15181518151815182,0.7301587301587301,0.25136612021857924,0.4144144144144144,46,257,17,373,0.22857142857142856,0.12698412698412698,0.17391304347826086,0.19047619047619047,0.2014388489208633,0.4444444444444444,42,34,38.5
atraso,60,A,nacional,rf,nacional,0.11908213079168459,16756,842,0.050250656481260446,0.14102765009689286,0.7465784768904835,0.13512034231299266,0.40131597957667864,5431,0.10403240655496225,0.671021377672209,0.18013709548860193,0.3210592112740084,565,4866,277,11048,0.16945107398568018,0.16864608076009502,0.1515513126491647,0.3016627078384798,0.12235153685467025,0.48693586698337293,534,410,47.5
atraso,60,A,nacional,lgbm,arequipa,0.11316425747380707,693,63,0.09090909090909091,0.1955174193640891,0.7040312421264803,0.07923040328367081,0.07663110992810027,281,0.15302491103202848,0.6825396825396826,0.25,0.40337711069418386,43,238,20,392,0.22857142857142856,0.12698412698412698,0.2463768115942029,0.2698412698412698,0.17985611510791366,0.3968253968253968,42,33,40.0
atraso,60,A,nacional,lgbm,nacional,0.11316425747380707,16756,842,0.050250656481260446,0.1392193556229003,0.7419710964247558,0.04578887631217609,0.07663110992810027,3357,0.12421805183199285,0.49524940617577196,0.19861871874255776,0.3100371747211896,417,2940,425,12974,0.1909307875894988,0.19002375296912113,0.1575178997613365,0.31353919239904987,0.12444046553267682,0.49524940617577196,534,318,49.5
atraso,60,A,nacional,xgb,arequipa,0.11566112392800784,693,63,0.09090909090909091,0.180367736837482,0.7229528848576467,0.07957886159420013,0.05758961934839661,419,0.13365155131264916,0.8888888888888888,0.23236514522821577,0.4172876304023845,56,363,7,267,0.17142857142857143,0.09523809523809523,0.2608695652173913,0.2857142857142857,0.16546762589928057,0.36507936507936506,42,40,40.0
atraso,60,A,nacional,xgb,nacional,0.11566112392800784,16756,842,0.050250656481260446,0.13985295575152792,0.7392898945848185,0.045740362256765366,0.05758961934839661,6359,0.09419720081773864,0.7114014251781473,0.16636578253020415,0.3079058291353963,599,5760,243,10154,0.18854415274463007,0.1876484560570071,0.15334128878281622,0.30522565320665085,0.12115786332438078,0.4821852731591449,534,431,59.0
atraso,60,A,arequipa,regla,arequipa,0.11303790320907854,693,63,0.09090909090909091,0.1661874308349045,0.6471151423532375,,7.000066485276382,324,0.13580246913580246,0.6984126984126984,0.22739018087855298,0.3819444444444444,44,280,19,350,0.11428571428571428,0.06349206349206349,0.15942028985507245,0.1746031746031746,0.16546762589928057,0.36507936507936506,42,29,34.0
atraso,60,A,arequipa,regla,nacional,0.11303790320907854,16756,842,0.050250656481260446,0.07134746019957981,0.5883876056487708,,7.000066485276382,6395,0.06520719311962471,0.49524940617577196,0.11524112201188337,0.2135614053057462,417,5978,425,9936,0.10739856801909307,0.10688836104513064,0.08711217183770883,0.17339667458432304,0.07579826917338107,0.3016627078384798,534,298,51.5
atraso,60,A,arequipa,logreg,arequipa,0.12622682142670613,693,63,0.09090909090909091,0.15446871074387047,0.556185437137818,0.18456224550587705,0.7093198825824719,37,0.24324324324324326,0.14285714285714285,0.18,0.15570934256055363,9,28,54,602,0.22857142857142856,0.12698412698412698,0.15942028985507245,0.1746031746031746,0.1366906474820144,0.30158730158730157,42,7,8.0
atraso,60,A,arequipa,logreg,nacional,0.12622682142670613,16756,842,0.050250656481260446,0.07066501574304786,0.5727208179833589,0.1823060618605878,0.7093198825824719,1301,0.09069946195234435,0.14014251781472684,0.11012599160055997,0.12636538873420433,118,1183,724,14731,0.09427207637231504,0.09382422802850356,0.08711217183770883,0.17339667458432304,0.07341092211280215,0.2921615201900237,534,98,65.0
atraso,60,A,arequipa,rf,arequipa,0.19083959838344192,693,63,0.09090909090909091,0.1536744338034236,0.6576719576719577,0.16945954333249982,0.4186041660009511,239,0.1506276150627615,0.5714285714285714,0.23841059602649006,0.3665987780040733,36,203,27,427,0.2,0.1111111111111111,0.14492753623188406,0.15873015873015872,0.17985611510791366,0.3968253968253968,42,26,35.5
atraso,60,A,arequipa,rf,nacional,0.19083959838344192,16756,842,0.050250656481260446,0.09694898506060025,0.666520343759823,0.14597009706561,0.4186041660009511,3995,0.09586983729662078,0.45486935866983375,0.15836262145958238,0.2600842048078229,383,3612,459,12302,0.1324582338902148,0.13182897862232779,0.11634844868735084,0.23159144893111638,0.10265592360489406,0.4085510688836104,534,277,44.0
atraso,60,A,arequipa,lgbm,arequipa,0.2960814342132198,693,63,0.09090909090909091,0.14772630380576385,0.6035273368606702,0.08211187934334012,0.1012632287443733,144,0.1527777777777778,0.3492063492063492,0.21256038647342995,0.2777777777777778,22,122,41,508,0.11428571428571428,0.06349206349206349,0.17391304347826086,0.19047619047619047,0.15827338129496402,0.3492063492063492,42,17,34.0
atraso,60,A,arequipa,lgbm,nacional,0.2960814342132198,16756,842,0.050250656481260446,0.08174988158463328,0.609709380616777,0.04817752322725266,0.1012632287443733,2432,0.09292763157894737,0.2684085510688836,0.13805742211362249,0.19482758620689655,226,2206,616,13708,0.11455847255369929,0.11401425178147269,0.1026252983293556,0.2042755344418052,0.08475082065055208,0.33729216152019004,534,198,49.0
atraso,60,A,arequipa,xgb,arequipa,0.22269507174457967,693,63,0.09090909090909091,0.1462307979187396,0.6053162005542957,0.08137728273868561,0.09470901783087746,195,0.13846153846153847,0.42857142857142855,0.20930232558139536,0.30201342281879195,27,168,36,462,0.22857142857142856,0.12698412698412698,0.17391304347826086,0.19047619047619047,0.1366906474820144,0.30158730158730157,42,23,25.0
atraso,60,A,arequipa,xgb,nacional,0.22269507174457967,16756,842,0.050250656481260446,0.08288546012191539,0.6115434295442517,0.04866025969386101,0.09470901783087746,4098,0.08052708638360176,0.3919239904988123,0.13360323886639677,0.22100187516742567,330,3768,512,12146,0.11097852028639618,0.11045130641330166,0.09904534606205251,0.19714964370546317,0.08504923903312445,0.33847980997624705,534,262,51.0
atraso,60,A_sin_ib,nacional,lgbm,arequipa,0.10425069918173994,693,63,0.09090909090909091,0.18579923888794134,0.7079868984630889,0.07926715142418246,0.05928035469265486,400,0.13,0.8253968253968254,0.22462203023758098,0.3987730061349693,52,348,11,282,0.2,0.1111111111111111,0.2318840579710145,0.25396825396825395,0.20863309352517986,0.4603174603174603,42,38,48.5
atraso,60,A_sin_ib,nacional,lgbm,nacional,0.10425069918173994,16756,842,0.050250656481260446,0.13714862883003626,0.739413853619977,0.0457937986016536,0.05928035469265486,5794,0.09855022437003796,0.6781472684085511,0.17209162145871007,0.3116131848941279,571,5223,271,10691,0.18973747016706444,0.18883610451306412,0.15513126491646778,0.3087885985748218,0.12175470008952552,0.4845605700712589,534,410,52.5
atraso,60,A_asientos,nacional,lgbm,arequipa,0.11249820117163019,693,63,0.09090909090909091,0.20546422773353112,0.704371378180902,0.07998349782340344,0.06952964543314723,248,0.14919354838709678,0.5873015873015873,0.2379421221864952,0.37,37,211,26,419,0.2857142857142857,0.15873015873015872,0.2753623188405797,0.30158730158730157,0.17266187050359713,0.38095238095238093,42,29,37.0
atraso,60,A_asientos,nacional,lgbm,nacional,0.11249820117163019,16756,842,0.050250656481260446,0.12730055229568918,0.7220792161669449,0.046148961654484115,0.06952964543314723,3963,0.10724198839263184,0.504750593824228,0.1768990634755463,0.28986495703178283,425,3538,417,12376,0.1873508353221957,0.18646080760095013,0.14916467780429593,0.29691211401425177,0.11608475082065055,0.46199524940617576,534,329,51.0
atraso,60,B_lex,nacional,lgbm,arequipa,0.12927841837203544,693,63,0.09090909090909091,0.2355481525264032,0.7196775006298816,0.07875968535043493,0.06508636152168472,368,0.1331521739130435,0.7777777777777778,0.2273781902552204,0.3951612903225806,49,319,14,311,0.37142857142857144,0.20634920634920634,0.3188405797101449,0.3492063492063492,0.2014388489208633,0.4444444444444444,42,36,39.0
atraso,60,B_lex,nacional,lgbm,nacional,0.12927841837203544,16756,842,0.050250656481260446,0.1469610505784494,0.7480143792480783,0.04570401531767021,0.06508636152168472,5075,0.10620689655172413,0.6401425178147269,0.18218691904681428,0.319199336728651,539,4536,303,11378,0.19689737470167065,0.19596199524940616,0.17064439140811455,0.33966745843230406,0.12742464935840048,0.5071258907363421,534,399,43.0
atraso,60,B_lex_sinproxy,nacional,lgbm,arequipa,0.12154045619324186,693,63,0.09090909090909091,0.2088425068309291,0.7236583522297808,0.07830252563839404,0.06765558654379286,327,0.13761467889908258,0.7142857142857143,0.23076923076923078,0.38860103626943004,45,282,18,348,0.2571428571428571,0.14285714285714285,0.30434782608695654,0.3333333333333333,0.20863309352517986,0.4603174603174603,42,36,39.0
atraso,60,B_lex_sinproxy,nacional,lgbm,nacional,0.12154045619324186,16756,842,0.050250656481260446,0.15325877613155267,0.7590943094668284,0.04526863566776356,0.06765558654379286,4438,0.11784587652095539,0.6211401425178147,0.19810606060606062,0.33499871893415323,523,3915,319,11999,0.20883054892601433,0.20783847980997625,0.17422434367541767,0.34679334916864607,0.13667561921814383,0.5439429928741093,534,385,42.0
atraso,60,B_ie,nacional,lgbm,arequipa,0.11205069304526843,693,63,0.09090909090909091,0.1796988111645903,0.7036785084404132,0.07971387692193371,0.05733443007864776,393,0.13231552162849872,0.8253968253968254,0.22807017543859648,0.40310077519379844,52,341,11,289,0.2857142857142857,0.15873015873015872,0.21739130434782608,0.23809523809523808,0.17985611510791366,0.3968253968253968,42,39,40.0
atraso,60,B_ie,nacional,lgbm,nacional,0.11205069304526843,16756,842,0.050250656481260446,0.13399040752175786,0.7386350237037138,0.04584911690102682,0.05733443007864776,5706,0.0991938310550298,0.672209026128266,0.17287721441661577,0.3118800969803835,566,5140,276,10774,0.1801909307875895,0.17933491686460806,0.1515513126491647,0.3016627078384798,0.11996418979409132,0.47743467933491684,534,415,49.0
atraso,60,B_lsa,nacional,lgbm,arequipa,0.12356765993563344,693,63,0.09090909090909091,0.18673012842018594,0.6846308893927942,0.07996445884515153,0.050526304091834166,390,0.12307692307692308,0.7619047619047619,0.2119205298013245,0.37383177570093457,48,342,15,288,0.2857142857142857,0.15873015873015872,0.2463768115942029,0.2698412698412698,0.2014388489208633,0.4444444444444444,42,36,39.0
atraso,60,B_lsa,nacional,lgbm,nacional,0.12356765993563344,16756,842,0.050250656481260446,0.13885423295774535,0.7540749760365766,0.04567355512915845,0.050526304091834166,6064,0.09943931398416886,0.7161520190023754,0.1746307558644657,0.3196564885496183,603,5461,239,10453,0.1957040572792363,0.19477434679334918,0.1610978520286396,0.32066508313539194,0.12652939421068338,0.503562945368171,534,441,51.0
atraso,60,B_emb,nacional,lgbm,arequipa,0.11506559572555686,693,63,0.09090909090909091,0.20559040515888097,0.7146132527084907,0.07910315746312568,0.06697106703388808,303,0.14521452145214522,0.6984126984126984,0.24043715846994534,0.3963963963963964,44,259,19,371,0.22857142857142856,0.12698412698412698,0.2463768115942029,0.2698412698412698,0.2158273381294964,0.47619047619047616,42,34,37.5
atraso,60,B_emb,nacional,lgbm,nacional,0.11506559572555686,16756,842,0.050250656481260446,0.14109879096266664,0.741408616444028,0.04586894439983035,0.06697106703388808,4426,0.10980569362855852,0.5771971496437055,0.1845102505694761,0.3117782909930716,486,3940,356,11974,0.18257756563245822,0.18171021377672208,0.1575178997613365,0.31353919239904987,0.12264995523724262,0.48812351543942994,534,359,47.0
atraso,60,B_stack_tfidf,nacional,lgbm,arequipa,0.12962981898510115,693,63,0.09090909090909091,0.19648201898648918,0.7376165280927186,0.07884212827576634,0.05170426598809585,409,0.13447432762836187,0.873015873015873,0.2330508474576271,0.41603630862329805,55,354,8,276,0.2571428571428571,0.14285714285714285,0.2318840579710145,0.25396825396825395,0.2158273381294964,0.47619047619047616,42,40,39.0
atraso,60,B_stack_tfidf,nacional,lgbm,nacional,0.12962981898510115,16756,842,0.050250656481260446,0.15219326697917007,0.7660018352803085,0.04525473157125939,0.05170426598809585,6474,0.09870250231696015,0.7589073634204275,0.1746856205576818,0.3246291404186141,639,5835,203,10079,0.2159904534606205,0.21496437054631828,0.16825775656324582,0.334916864608076,0.13190092509698598,0.5249406175771971,534,456,52.0
atraso,60,B_stack_emb,nacional,lgbm,arequipa,0.12170040744010636,693,63,0.09090909090909091,0.24117786385031437,0.7442428823381204,0.07652372407834135,0.05889673955006638,377,0.14323607427055704,0.8571428571428571,0.24545454545454545,0.4292527821939587,54,323,9,307,0.34285714285714286,0.19047619047619047,0.30434782608695654,0.3333333333333333,0.22302158273381295,0.49206349206349204,42,40,39.0
atraso,60,B_stack_emb,nacional,lgbm,nacional,0.12170040744010636,16756,842,0.050250656481260446,0.14768516743918395,0.7557559232418191,0.04544425315164552,0.05889673955006638,5481,0.10709724502827951,0.6971496437054632,0.18567135853234223,0.33167589558142163,587,4894,255,11020,0.19451073985680192,0.19358669833729217,0.16050119331742244,0.3194774346793349,0.13219934347955833,0.5261282660332541,534,418,47.0
atraso,60,B_full,nacional,regla,arequipa,0.07828179521991716,693,63,0.09090909090909091,0.1661874308349045,0.6471151423532375,,8.000037408442212,310,0.13870967741935483,0.6825396825396826,0.23056300268096513,0.38256227758007116,43,267,20,363,0.11428571428571428,0.06349206349206349,0.15942028985507245,0.1746031746031746,0.16546762589928057,0.36507936507936506,42,29,32.0
atraso,60,B_full,nacional,regla,nacional,0.07828179521991716,16756,842,0.050250656481260446,0.07134746019957981,0.5883876056487708,,8.000037408442212,5976,0.06659973226238286,0.47268408551068886,0.11674977999413318,0.2129708904109589,398,5578,444,10336,0.10739856801909307,0.10688836104513064,0.08711217183770883,0.17339667458432304,0.07579826917338107,0.3016627078384798,534,281,56.0
atraso,60,B_full,nacional,logreg,arequipa,0.11433807085704244,693,63,0.09090909090909091,0.17841410747105224,0.6816578483245149,0.2338193446410929,0.42097034714262854,363,0.12672176308539945,0.7301587301587301,0.215962441314554,0.37398373983739835,46,317,17,313,0.2571428571428571,0.14285714285714285,0.2318840579710145,0.25396825396825395,0.18705035971223022,0.4126984126984127,42,38,39.0
atraso,60,B_full,nacional,logreg,nacional,0.11433807085704244,16756,842,0.050250656481260446,0.1292990448477729,0.7417339995826737,0.16469803684558845,0.42097034714262854,5769,0.09776391055642225,0.669833729216152,0.17062471638178792,0.3086352194374521,564,5205,278,10709,0.18496420047732698,0.1840855106888361,0.15513126491646778,0.3087885985748218,0.12414204715010445,0.49406175771971494,534,421,51.0
atraso,60,B_full,nacional,rf,arequipa,0.13773455091327585,693,63,0.09090909090909091,0.2143405828859952,0.7363567649281935,0.17342567839561354,0.3953622290768728,327,0.1529051987767584,0.7936507936507936,0.2564102564102564,0.4317789291882556,50,277,13,353,0.37142857142857144,0.20634920634920634,0.2318840579710145,0.25396825396825395,0.19424460431654678,0.42857142857142855,42,38,48.5
atraso,60,B_full,nacional,rf,nacional,0.13773455091327585,16756,842,0.050250656481260446,0.16298793572488385,0.7738687189486722,0.13008034837497687,0.3953622290768728,5063,0.1135690302192376,0.6828978622327792,0.1947502116850127,0.34100343968686986,575,4488,267,11426,0.2100238663484487,0.20902612826603326,0.17899761336515513,0.35629453681710216,0.14294240525216353,0.5688836104513064,534,422,49.5
atraso,60,B_full,nacional,lgbm,arequipa,0.13324941609384955,693,63,0.09090909090909091,0.21556093965807055,0.718694885361552,0.07768954564069719,0.061285353096478236,355,0.1323943661971831,0.746031746031746,0.22488038277511962,0.3871499176276771,47,308,16,322,0.3142857142857143,0.1746031746031746,0.2608695652173913,0.2857142857142857,0.19424460431654678,0.42857142857142855,42,36,40.5
atraso,60,B_full,nacional,lgbm,nacional,0.13324941609384955,16756,842,0.050250656481260446,0.15755460481502295,0.774234924237969,0.045042294296960585,0.061285353096478236,5081,0.11218264121235977,0.6769596199524941,0.19247003207833868,0.33731802580187004,570,4511,272,11403,0.2100238663484487,0.20902612826603326,0.17899761336515513,0.35629453681710216,0.1387645478961504,0.5522565320665083,534,414,48.5
atraso,60,B_full,nacional,xgb,arequipa,0.13305512795351485,693,63,0.09090909090909091,0.2165243095759123,0.7242378432854624,0.07788551598787308,0.0675870483679388,340,0.13823529411764707,0.746031746031746,0.23325062034739455,0.3969594594594595,47,293,16,337,0.3142857142857143,0.1746031746031746,0.2608695652173913,0.2857142857142857,0.19424460431654678,0.42857142857142855,42,35,56.0
atraso,60,B_full,nacional,xgb,nacional,0.13305512795351485,16756,842,0.050250656481260446,0.15766099862320881,0.7765430549058673,0.04501829668879509,0.0675870483679388,4719,0.11718584445857173,0.6567695961995249,0.19888509260924295,0.3419067639421293,553,4166,289,11748,0.2016706443914081,0.2007125890736342,0.1873508353221957,0.37292161520190026,0.14294240525216353,0.5688836104513064,534,400,48.5
atraso,60,B_full,arequipa,regla,arequipa,0.11303790320907854,693,63,0.09090909090909091,0.1661874308349045,0.6471151423532375,,7.000066485276382,324,0.13580246913580246,0.6984126984126984,0.22739018087855298,0.3819444444444444,44,280,19,350,0.11428571428571428,0.06349206349206349,0.15942028985507245,0.1746031746031746,0.16546762589928057,0.36507936507936506,42,29,34.0
atraso,60,B_full,arequipa,regla,nacional,0.11303790320907854,16756,842,0.050250656481260446,0.07134746019957981,0.5883876056487708,,7.000066485276382,6395,0.06520719311962471,0.49524940617577196,0.11524112201188337,0.2135614053057462,417,5978,425,9936,0.10739856801909307,0.10688836104513064,0.08711217183770883,0.17339667458432304,0.07579826917338107,0.3016627078384798,534,298,51.5
atraso,60,B_full,arequipa,logreg,arequipa,0.1203791863881393,693,63,0.09090909090909091,0.1929519568526653,0.6184681279919375,0.1652970812349195,0.713017648198723,82,0.21951219512195122,0.2857142857142857,0.2482758620689655,0.2694610778443114,18,64,45,566,0.2571428571428571,0.14285714285714285,0.17391304347826086,0.19047619047619047,0.15827338129496402,0.3492063492063492,42,13,25.0
atraso,60,B_full,arequipa,logreg,nacional,0.1203791863881393,16756,842,0.050250656481260446,0.06455327926469573,0.5825956738371358,0.1807656412522402,0.713017648198723,2510,0.07051792828685259,0.21021377672209027,0.10560859188544153,0.1505614154474311,177,2333,665,13581,0.07995226730310262,0.07957244655581948,0.07458233890214797,0.14845605700712589,0.06863622799164429,0.27315914489311166,534,165,66.0
atraso,60,B_full,arequipa,rf,arequipa,0.2272765884335892,693,63,0.09090909090909091,0.17556153241791345,0.7064247921390778,0.16908261282806034,0.4394998515368794,221,0.17194570135746606,0.6031746031746031,0.2676056338028169,0.40169133192389006,38,183,25,447,0.17142857142857143,0.09523809523809523,0.2318840579710145,0.25396825396825395,0.2014388489208633,0.4444444444444444,42,29,36.0
atraso,60,B_full,arequipa,rf,nacional,0.2272765884335892,16756,842,0.050250656481260446,0.12184085184101623,0.7205155860015995,0.13727879729369463,0.4394998515368794,2978,0.12256548018804567,0.4334916864608076,0.19109947643979058,0.28758272927828554,365,2613,477,13301,0.16825775656324582,0.167458432304038,0.14916467780429593,0.29691211401425177,0.11578633243807819,0.46080760095011875,534,275,41.0
atraso,60,B_full,arequipa,lgbm,arequipa,0.27057434076781084,693,63,0.09090909090909091,0.1580027045397567,0.6576971529352481,0.08113491566292415,0.1079336524665597,138,0.18840579710144928,0.4126984126984127,0.25870646766169153,0.3333333333333333,26,112,37,518,0.22857142857142856,0.12698412698412698,0.18840579710144928,0.20634920634920634,0.18705035971223022,0.4126984126984127,42,24,36.5
atraso,60,B_full,arequipa,lgbm,nacional,0.27057434076781084,16756,842,0.050250656481260446,0.09838066262036566,0.6682297993042772,0.04729582733464264,0.1079336524665597,1913,0.11813904861474124,0.2684085510688836,0.16406533575317606,0.21397462601779965,226,1687,616,14227,0.13723150357995226,0.13657957244655583,0.12112171837708831,0.24109263657957244,0.09489704565801253,0.37767220902612825,534,201,50.0
atraso,60,B_full,arequipa,xgb,arequipa,0.2913826528779307,693,63,0.09090909090909091,0.15889121093116193,0.6523809523809524,0.0809655487537384,0.10043009782537593,161,0.16149068322981366,0.4126984126984127,0.23214285714285715,0.31476997578692495,26,135,37,495,0.14285714285714285,0.07936507936507936,0.2318840579710145,0.25396825396825395,0.16546762589928057,0.36507936507936506,42,25,34.0
atraso,60,B_full,arequipa,xgb,nacional,0.2913826528779307,16756,842,0.050250656481260446,0.10206079471509225,0.6612929442308226,0.04746784642338753,0.10043009782537593,2743,0.1060882245716369,0.34560570071258906,0.16234309623430962,0.23809523809523808,291,2452,551,13462,0.14916467780429593,0.14845605700712589,0.12350835322195704,0.24584323040380046,0.096090719188302,0.3824228028503563,534,244,43.0
atraso,60,B_full_sinproxy,nacional,lgbm,arequipa,0.13120290459854483,693,63,0.09090909090909091,0.2052536621588302,0.7054421768707482,0.07860563174333056,0.06780020737955912,321,0.14018691588785046,0.7142857142857143,0.234375,0.39267015706806285,45,276,18,354,0.2571428571428571,0.14285714285714285,0.2463768115942029,0.2698412698412698,0.16546762589928057,0.36507936507936506,42,33,41.0
atraso,60,B_full_sinproxy,nacional,lgbm,nacional,0.13120290459854483,16756,842,0.050250656481260446,0.1631582082413778,0.7762361797989609,0.04494461716631433,0.06780020737955912,4456,0.12163375224416517,0.6437054631828979,0.2046055115137788,0.34637014314928427,542,3914,300,12000,0.21121718377088305,0.21021377672209027,0.17959427207637232,0.35748218527315917,0.13995822142643988,0.5570071258907363,534,404,43.5
atraso,90,A,nacional,regla,arequipa,0.11254083843314913,577,73,0.1265164644714038,0.19172263939866674,0.619414546640574,,4.000042,362,0.16298342541436464,0.8082191780821918,0.271264367816092,0.4510703363914373,59,303,14,201,0.13793103448275862,0.0547945205479452,0.15517241379310345,0.1232876712328767,0.1826086956521739,0.2876712328767123,39,31,41.0
atraso,90,A,nacional,regla,nacional,0.11254083843314913,14085,969,0.06879659211927583,0.09665534359600662,0.5770353983554226,,4.000042,7496,0.08124332977588047,0.628482972136223,0.14388659184878913,0.2677629264861062,609,6887,360,6229,0.14630681818181818,0.10629514963880289,0.1171875,0.17027863777089783,0.10365637202697905,0.3013415892672859,508,342,66.0
atraso,90,A,nacional,logreg,arequipa,0.14332072182054992,577,73,0.1265164644714038,0.2468956888626736,0.6482659273755165,0.25057976268589993,0.4805018032900282,301,0.17275747508305647,0.7123287671232876,0.27807486631016043,0.43844856661045534,52,249,21,255,0.27586206896551724,0.1095890410958904,0.25862068965517243,0.2054794520547945,0.25217391304347825,0.3972602739726027,39,32,40.0
atraso,90,A,nacional,logreg,nacional,0.14332072182054992,14085,969,0.06879659211927583,0.14928734842237082,0.7009237411919552,0.17330139297346503,0.4805018032900282,3786,0.13497094558901215,0.5273477812177503,0.214931650893796,0.33346384755938396,511,3275,458,9841,0.22727272727272727,0.1651186790505676,0.19673295454545456,0.28586171310629516,0.14980475683351083,0.43550051599587203,508,308,65.0
atraso,90,A,nacional,rf,arequipa,0.16962552408663029,577,73,0.1265164644714038,0.2620940678553002,0.7158349641226354,0.1819738405998598,0.38309811078757544,325,0.18461538461538463,0.821917808219178,0.3015075376884422,0.4862236628849271,60,265,13,239,0.27586206896551724,0.1095890410958904,0.3448275862068966,0.273972602739726,0.2956521739130435,0.4657534246575342,39,38,48.5
atraso,90,A,nacional,rf,nacional,0.16962552408663029,14085,969,0.06879659211927583,0.18500567400257228,0.7420753168283893,0.14970360284954845,0.38309811078757544,5948,0.12340282447881641,0.7574819401444789,0.21223073586815094,0.37357491856677527,734,5214,235,7902,0.23863636363636365,0.17337461300309598,0.19673295454545456,0.28586171310629516,0.16648917287894924,0.4840041279669763,508,439,65.0
atraso,90,A,nacional,lgbm,arequipa,0.15645521436384108,577,73,0.1265164644714038,0.22831480855026562,0.6930310937160252,0.10585111395546634,0.06989708908889716,392,0.1683673469387755,0.9041095890410958,0.2838709677419355,0.4824561403508772,66,326,7,178,0.3103448275862069,0.1232876712328767,0.3103448275862069,0.2465753424657534,0.26956521739130435,0.4246575342465753,39,39,41.0
atraso,90,A,nacional,lgbm,nacional,0.15645521436384108,14085,969,0.06879659211927583,0.18166956887314356,0.7398000331093416,0.06055104092410224,0.06989708908889716,5871,0.12280701754385964,0.7440660474716202,0.2108187134502924,0.36985739201805684,721,5150,248,7966,0.2571022727272727,0.1867905056759546,0.20738636363636365,0.3013415892672859,0.1668441604543841,0.4850361197110423,508,428,65.0
atraso,90,A,nacional,xgb,arequipa,0.163126308258274,577,73,0.1265164644714038,0.2285431682346035,0.6800663187649488,0.10612627118825912,0.07353700511157513,398,0.16080402010050251,0.8767123287671232,0.27176220806794055,0.463768115942029,64,334,9,170,0.2413793103448276,0.0958904109589041,0.29310344827586204,0.2328767123287671,0.2782608695652174,0.4383561643835616,39,38,48.5
atraso,90,A,nacional,xgb,nacional,0.163126308258274,14085,969,0.06879659211927583,0.19178865411122667,0.7404232330642728,0.0603255070745945,0.07353700511157513,5757,0.12367552544728157,0.7347781217750258,0.21171573000297353,0.3695629606560781,712,5045,257,8071,0.2556818181818182,0.18575851393188855,0.21022727272727273,0.30546955624355004,0.16471423500177493,0.478844169246646,508,417,65.0
atraso,90,A,arequipa,regla,arequipa,0.13815550576900712,577,73,0.1265164644714038,0.19172263939866674,0.619414546640574,,8.000043062713567,273,0.1684981684981685,0.6301369863013698,0.2658959537572254,0.40707964601769914,46,227,27,277,0.13793103448275862,0.0547945205479452,0.15517241379310345,0.1232876712328767,0.1826086956521739,0.2876712328767123,39,28,26.0
atraso,90,A,arequipa,regla,nacional,0.13815550576900712,14085,969,0.06879659211927583,0.09665534359600662,0.5770353983554226,,8.000043062713567,5093,0.08855291576673865,0.46542827657378744,0.1487957769712966,0.2514215631620024,451,4642,518,8474,0.14630681818181818,0.10629514963880289,0.1171875,0.17027863777089783,0.10365637202697905,0.3013415892672859,508,263,64.0
atraso,90,A,arequipa,logreg,arequipa,0.14829541625112014,577,73,0.1265164644714038,0.1855566341336808,0.542944118286584,0.1975671311454511,0.4996955160484513,148,0.16891891891891891,0.3424657534246575,0.22624434389140272,0.2840909090909091,25,123,48,381,0.27586206896551724,0.1095890410958904,0.20689655172413793,0.1643835616438356,0.2,0.3150684931506849,39,20,28.5
atraso,90,A,arequipa,logreg,nacional,0.14829541625112014,14085,969,0.06879659211927583,0.10096690791749642,0.5950591388864498,0.1903977093280695,0.4996955160484513,3510,0.09943019943019943,0.36016511867905054,0.15583835677606608,0.23625778499864608,349,3161,620,9955,0.13494318181818182,0.09803921568627451,0.12428977272727272,0.18059855521155832,0.10543130990415335,0.3065015479876161,508,242,69.5
atraso,90,A,arequipa,rf,arequipa,0.18787085026837463,577,73,0.1265164644714038,0.1934847776034359,0.6322026527505981,0.11882006478065722,0.23882821513323374,215,0.15813953488372093,0.4657534246575342,0.2361111111111111,0.33530571992110453,34,181,39,323,0.2413793103448276,0.0958904109589041,0.2413793103448276,0.1917808219178082,0.23478260869565218,0.3698630136986301,39,23,40.0
atraso,90,A,arequipa,rf,nacional,0.18787085026837463,14085,969,0.06879659211927583,0.1245571665290289,0.6548927864752745,0.08338217258753988,0.23882821513323374,4171,0.1131623111963558,0.4871001031991744,0.18365758754863815,0.2932769976388716,472,3699,497,9417,0.17897727272727273,0.13003095975232198,0.1590909090909091,0.23116615067079463,0.12850550230741925,0.3735810113519092,508,316,66.0
atraso,90,A,arequipa,lgbm,arequipa,0.19668217658129672,577,73,0.1265164644714038,0.1820493304235376,0.5917862578821482,0.11070597702849805,0.11962343002016307,142,0.19014084507042253,0.3698630136986301,0.25116279069767444,0.31105990783410137,27,115,46,389,0.27586206896551724,0.1095890410958904,0.22413793103448276,0.1780821917808219,0.2,0.3150684931506849,39,22,29.5
atraso,90,A,arequipa,lgbm,nacional,0.19668217658129672,14085,969,0.06879659211927583,0.10462969963392263,0.6038275280257044,0.06454032767979495,0.11962343002016307,2873,0.10964148973198747,0.32507739938080493,0.16397709526288393,0.23336790635649726,315,2558,654,10558,0.140625,0.1021671826625387,0.1278409090909091,0.18575851393188855,0.10969116080937168,0.3188854489164087,508,232,62.0
atraso,90,A,arequipa,xgb,arequipa,0.24271967647468445,577,73,0.1265164644714038,0.17309910759990868,0.605077190693629,0.11043038219213486,0.13087680861278994,154,0.14285714285714285,0.3013698630136986,0.19383259911894274,0.24663677130044842,22,132,51,372,0.2413793103448276,0.0958904109589041,0.22413793103448276,0.1780821917808219,0.14782608695652175,0.2328767123287671,39,17,19.0
atraso,90,A,arequipa,xgb,nacional,0.24271967647468445,14085,969,0.06879659211927583,0.1092113652933764,0.6222847664611181,0.06540131568908691,0.13087680861278994,3273,0.10815765352887259,0.3653250773993808,0.1669024045261669,0.24758707511540076,354,2919,615,10197,0.14204545454545456,0.10319917440660474,0.12286931818181818,0.1785345717234262,0.11182108626198083,0.32507739938080493,508,249,62.0
atraso,90,A_sin_ib,nacional,lgbm,arequipa,0.15383496756207726,577,73,0.1265164644714038,0.21891293090991107,0.6858012611437269,0.10678787540061181,0.07020948634724256,389,0.16452442159383032,0.8767123287671232,0.27705627705627706,0.4698972099853157,64,325,9,179,0.20689655172413793,0.0821917808219178,0.29310344827586204,0.2328767123287671,0.2608695652173913,0.410958904109589,39,39,56.0
atraso,90,A_sin_ib,nacional,lgbm,nacional,0.15383496756207726,14085,969,0.06879659211927583,0.1695632926878067,0.723622838647666,0.06121212387898201,0.07020948634724256,6574,0.11347733495588683,0.7698658410732714,0.19779928410446773,0.3569377990430622,746,5828,223,7288,0.2315340909090909,0.16821465428276575,0.19318181818181818,0.2807017543859649,0.15654952076677317,0.4551083591331269,508,443,65.0
atraso,90,A_asientos,nacional,lgbm,arequipa,0.1669431861278896,577,73,0.1265164644714038,0.24206351693557582,0.6648727984344422,0.10673644112378189,0.07612424992062668,292,0.17465753424657535,0.6986301369863014,0.27945205479452057,0.4366438356164384,51,241,22,263,0.3103448275862069,0.1232876712328767,0.25862068965517243,0.2054794520547945,0.25217391304347825,0.3972602739726027,39,32,40.5
atraso,90,A_asientos,nacional,lgbm,nacional,0.1669431861278896,14085,969,0.06879659211927583,0.16279364000091026,0.7066048101075393,0.06139104918616402,0.07612424992062668,5086,0.12249311836413684,0.6429308565531475,0.20578034682080926,0.34757866547645616,623,4463,346,8653,0.22017045454545456,0.15995872033023736,0.18821022727272727,0.27347781217750256,0.1508697195598154,0.43859649122807015,508,395,62.0
atraso,90,B_lex,nacional,lgbm,arequipa,0.17168669980147044,577,73,0.1265164644714038,0.25201237370986596,0.7029245488149597,0.10446503824775326,0.07950601569081235,372,0.1639784946236559,0.8356164383561644,0.27415730337078653,0.45933734939759036,61,311,12,193,0.3103448275862069,0.1232876712328767,0.3620689655172414,0.2876712328767123,0.26956521739130435,0.4246575342465753,39,38,42.0
atraso,90,B_lex,nacional,lgbm,nacional,0.17168669980147044,14085,969,0.06879659211927583,0.1929771723845729,0.7510158619554466,0.060212290933890134,0.07950601569081235,4855,0.13861997940267765,0.6945304437564499,0.23111263736263737,0.3854083151987172,673,4182,296,8934,0.25142045454545453,0.1826625386996904,0.22230113636363635,0.32301341589267285,0.1764288249911253,0.5128998968008256,508,414,64.5
atraso,90,B_lex_sinproxy,nacional,lgbm,arequipa,0.16817943827741472,577,73,0.1265164644714038,0.2378980847332762,0.6883561643835617,0.10530436781162048,0.0805008119013391,351,0.16809116809116809,0.8082191780821918,0.2783018867924528,0.45878693623639194,59,292,14,212,0.3448275862068966,0.136986301369863,0.3275862068965517,0.2602739726027397,0.24347826086956523,0.3835616438356164,39,37,43.0
atraso,90,B_lex_sinproxy,nacional,lgbm,nacional,0.16817943827741472,14085,969,0.06879659211927583,0.19326222781584335,0.7517126688238095,0.060145596515392044,0.0805008119013391,4587,0.14388489208633093,0.6811145510835913,0.23758099352051837,0.38993264799716415,660,3927,309,9189,0.2556818181818182,0.18575851393188855,0.22230113636363635,0.32301341589267285,0.17465388711395102,0.5077399380804953,508,397,65.0
atraso,90,B_ie,nacional,lgbm,arequipa,0.15586919437136834,577,73,0.1265164644714038,0.22768486229956386,0.6927049358556208,0.10586162073010302,0.07454284264554821,387,0.165374677002584,0.8767123287671232,0.2782608695652174,0.47128129602356406,64,323,9,181,0.27586206896551724,0.1095890410958904,0.27586206896551724,0.2191780821917808,0.2608695652173913,0.410958904109589,39,38,48.5
atraso,90,B_ie,nacional,lgbm,nacional,0.15586919437136834,14085,969,0.06879659211927583,0.18587837779772304,0.7379842910021587,0.06049828448479433,0.07454284264554821,5397,0.12636649990735593,0.7038183694530443,0.21426327364121897,0.36773428232502964,682,4715,287,8401,0.2585227272727273,0.18782249742002063,0.21164772727272727,0.3075335397316821,0.1643592474263401,0.47781217750258,508,405,65.0
atraso,90,B_lsa,nacional,lgbm,arequipa,0.18282659813787525,577,73,0.1265164644714038,0.2254052576200909,0.6751739508588823,0.1066237245566187,0.0599291881774922,430,0.1558139534883721,0.9178082191780822,0.2664015904572565,0.46398891966759004,67,363,6,141,0.3103448275862069,0.1232876712328767,0.27586206896551724,0.2191780821917808,0.25217391304347825,0.3972602739726027,39,39,56.0
atraso,90,B_lsa,nacional,lgbm,nacional,0.18282659813787525,14085,969,0.06879659211927583,0.19294475263319577,0.7492313565608584,0.06013175523085485,0.0599291881774922,6714,0.11483467381590706,0.7956656346749226,0.20070285044904335,0.3640226628895184,771,5943,198,7173,0.26420454545454547,0.19195046439628483,0.21946022727272727,0.3188854489164087,0.16897408590699325,0.49122807017543857,508,456,66.0
atraso,90,B_emb,nacional,lgbm,arequipa,0.16412872914466964,577,73,0.1265164644714038,0.2609775834201406,0.693601869971733,0.1042396923370352,0.08449625768599014,313,0.18210862619808307,0.7808219178082192,0.29533678756476683,0.47107438016528924,57,256,16,248,0.41379310344827586,0.1643835616438356,0.3448275862068966,0.273972602739726,0.2608695652173913,0.410958904109589,39,35,41.0
atraso,90,B_emb,nacional,lgbm,nacional,0.16412872914466964,14085,969,0.06879659211927583,0.19487107191286052,0.7417734143945696,0.06028558244091977,0.08449625768599014,4240,0.14339622641509434,0.6274509803921569,0.23344211940871568,0.37456875308033516,608,3632,361,9484,0.25,0.18163054695562436,0.20951704545454544,0.304437564499484,0.16826411075612355,0.4891640866873065,508,374,64.0
atraso,90,B_stack_tfidf,nacional,lgbm,arequipa,0.18000429685984942,577,73,0.1265164644714038,0.260524261717763,0.7195314198738856,0.10325029367683773,0.06406658894341749,372,0.1639784946236559,0.8356164383561644,0.27415730337078653,0.45933734939759036,61,311,12,193,0.3448275862068966,0.136986301369863,0.3275862068965517,0.2602739726027397,0.2608695652173913,0.410958904109589,39,36,48.5
atraso,90,B_stack_tfidf,nacional,lgbm,nacional,0.18000429685984942,14085,969,0.06879659211927583,0.19897187128369095,0.7606744187217591,0.05978057718796769,0.06406658894341749,5712,0.12710084033613445,0.7492260061919505,0.2173327346205658,0.3785982478097622,726,4986,243,8130,0.26704545454545453,0.19401444788441694,0.22230113636363635,0.32301341589267285,0.1810436634717785,0.5263157894736842,508,431,65.0
atraso,90,B_stack_emb,nacional,lgbm,arequipa,0.17511396638342328,577,73,0.1265164644714038,0.2424425910535823,0.7224668406175255,0.10449429723661444,0.0811604659938339,325,0.19076923076923077,0.8493150684931506,0.31155778894472363,0.5024311183144247,62,263,11,241,0.3103448275862069,0.1232876712328767,0.27586206896551724,0.2191780821917808,0.2782608695652174,0.4383561643835616,39,37,56.0
atraso,90,B_stack_emb,nacional,lgbm,nacional,0.17511396638342328,14085,969,0.06879659211927583,0.18592530400709878,0.7518540995313391,0.060381611169305155,0.0811604659938339,4364,0.14757103574702107,0.6646026831785345,0.24151509469341834,0.3907766990291262,644,3720,325,9396,0.23863636363636365,0.17337461300309598,0.2109375,0.3065015479876161,0.17358892438764642,0.5046439628482973,508,389,63.0
atraso,90,B_full,nacional,regla,arequipa,0.11254083843314913,577,73,0.1265164644714038,0.19172263939866674,0.619414546640574,,4.000042,362,0.16298342541436464,0.8082191780821918,0.271264367816092,0.4510703363914373,59,303,14,201,0.13793103448275862,0.0547945205479452,0.15517241379310345,0.1232876712328767,0.1826086956521739,0.2876712328767123,39,31,41.0
atraso,90,B_full,nacional,regla,nacional,0.11254083843314913,14085,969,0.06879659211927583,0.09665534359600662,0.5770353983554226,,4.000042,7496,0.08124332977588047,0.628482972136223,0.14388659184878913,0.2677629264861062,609,6887,360,6229,0.14630681818181818,0.10629514963880289,0.1171875,0.17027863777089783,0.10365637202697905,0.3013415892672859,508,342,66.0
atraso,90,B_full,nacional,logreg,arequipa,0.15951110343748637,577,73,0.1265164644714038,0.26088655773557595,0.6782724505327244,0.23289712103940732,0.4552632726392298,276,0.17753623188405798,0.6712328767123288,0.2808022922636103,0.43133802816901406,49,227,24,277,0.3103448275862069,0.1232876712328767,0.3103448275862069,0.2465753424657534,0.28695652173913044,0.4520547945205479,39,34,40.0
atraso,90,B_full,nacional,logreg,nacional,0.15951110343748637,14085,969,0.06879659211927583,0.16824343532666602,0.7380686773353022,0.16731204657080956,0.4552632726392298,4251,0.14161373794401316,0.6212590299277606,0.23065134099616857,0.37037037037037035,602,3649,367,9467,0.25,0.18163054695562436,0.20667613636363635,0.30030959752321984,0.16542421015264466,0.4809081527347781,508,371,64.0
atraso,90,B_full,nacional,rf,arequipa,0.20034195846987268,577,73,0.1265164644714038,0.2977856480805589,0.7448901935203305,0.18772403284222064,0.4322302170241146,260,0.21153846153846154,0.7534246575342466,0.3303303303303303,0.49818840579710144,55,205,18,299,0.3793103448275862,0.1506849315068493,0.3620689655172414,0.2876712328767123,0.30434782608695654,0.4794520547945205,39,33,56.0
atraso,90,B_full,nacional,rf,nacional,0.20034195846987268,14085,969,0.06879659211927583,0.20883181993489228,0.7675952389270181,0.14414824713789426,0.4322302170241146,3864,0.15838509316770186,0.631578947368421,0.2532588454376164,0.3953488372093023,612,3252,357,9864,0.2528409090909091,0.18369453044375644,0.2237215909090909,0.32507739938080493,0.1853035143769968,0.5386996904024768,508,385,63.0
atraso,90,B_full,nacional,lgbm,arequipa,0.18091497147673957,577,73,0.1265164644714038,0.2649747367446471,0.721923244183518,0.10329776642845036,0.07690150154027159,357,0.17366946778711484,0.8493150684931506,0.28837209302325584,0.4776579352850539,62,295,11,209,0.3448275862068966,0.136986301369863,0.29310344827586204,0.2328767123287671,0.26956521739130435,0.4246575342465753,39,36,60.5
atraso,90,B_full,nacional,lgbm,nacional,0.18091497147673957,14085,969,0.06879659211927583,0.19636562523054102,0.7577318338452378,0.059958802826232546,0.07690150154027159,4877,0.141070330120976,0.7100103199174407,0.23537461512145055,0.393008111504627,688,4189,281,8927,0.2713068181818182,0.19711042311661506,0.22869318181818182,0.3323013415892673,0.1824636137735179,0.5304437564499485,508,417,65.0
atraso,90,B_full,nacional,xgb,arequipa,0.18447879650235735,577,73,0.1265164644714038,0.2530847990784759,0.7195314198738857,0.10355428606271744,0.08295622421943363,328,0.1798780487804878,0.8082191780821918,0.2942643391521197,0.47580645161290325,59,269,14,235,0.3103448275862069,0.1232876712328767,0.3275862068965517,0.2602739726027397,0.2608695652173913,0.410958904109589,39,34,60.5
atraso,90,B_full,nacional,xgb,nacional,0.18447879650235735,14085,969,0.06879659211927583,0.20414558870323007,0.7636723169709612,0.059632591903209686,0.08295622421943363,4435,0.14791431792559187,0.6769865841073271,0.24278312361213916,0.3946576825893394,656,3779,313,9337,0.26420454545454547,0.19195046439628483,0.2315340909090909,0.3364293085655315,0.1817536386226482,0.5283797729618163,508,405,64.0
atraso,90,B_full,arequipa,regla,arequipa,0.13815550576900712,577,73,0.1265164644714038,0.19172263939866674,0.619414546640574,,8.000043062713567,273,0.1684981684981685,0.6301369863013698,0.2658959537572254,0.40707964601769914,46,227,27,277,0.13793103448275862,0.0547945205479452,0.15517241379310345,0.1232876712328767,0.1826086956521739,0.2876712328767123,39,28,26.0
atraso,90,B_full,arequipa,regla,nacional,0.13815550576900712,14085,969,0.06879659211927583,0.09665534359600662,0.5770353983554226,,8.000043062713567,5093,0.08855291576673865,0.46542827657378744,0.1487957769712966,0.2514215631620024,451,4642,518,8474,0.14630681818181818,0.10629514963880289,0.1171875,0.17027863777089783,0.10365637202697905,0.3013415892672859,508,263,64.0
atraso,90,B_full,arequipa,logreg,arequipa,0.20013202516893536,577,73,0.1265164644714038,0.22561831868327006,0.545363122417917,0.19839130455688597,0.14179123429235424,208,0.13942307692307693,0.3972602739726027,0.20640569395017794,0.29,29,179,44,325,0.3448275862068966,0.136986301369863,0.20689655172413793,0.1643835616438356,0.1826086956521739,0.2876712328767123,39,26,36.0
atraso,90,B_full,arequipa,logreg,nacional,0.20013202516893536,14085,969,0.06879659211927583,0.09014098910068025,0.5911969593538768,0.1985685717916208,0.14179123429235424,4806,0.09009571369121931,0.44685242518059853,0.14995670995670995,0.2493665054134992,433,4373,536,8743,0.09659090909090909,0.07017543859649122,0.10511363636363637,0.15273477812177502,0.09655662051828186,0.2807017543859649,508,303,67.0
atraso,90,B_full,arequipa,rf,arequipa,0.1747469123734198,577,73,0.1265164644714038,0.2587064077748731,0.7098282235268537,0.1808389848970055,0.4337469060801589,210,0.22380952380952382,0.6438356164383562,0.3321554770318021,0.4681274900398406,47,163,26,341,0.27586206896551724,0.1095890410958904,0.3103448275862069,0.2465753424657534,0.28695652173913044,0.4520547945205479,39,30,46.5
atraso,90,B_full,arequipa,rf,nacional,0.1747469123734198,14085,969,0.06879659211927583,0.16247627421325728,0.7141952525861953,0.1505691404751535,0.4337469060801589,3191,0.1488561579442181,0.49019607843137253,0.2283653846153846,0.33606905334654025,475,2716,494,10400,0.2215909090909091,0.1609907120743034,0.2080965909090909,0.3023735810113519,0.15761448349307774,0.4582043343653251,508,299,63.0
atraso,90,B_full,arequipa,lgbm,arequipa,0.169499226977916,577,73,0.1265164644714038,0.23690609664768641,0.6741411176342682,0.10525427274824325,0.14468457525599202,147,0.24489795918367346,0.4931506849315068,0.32727272727272727,0.41002277904328016,36,111,37,393,0.27586206896551724,0.1095890410958904,0.3275862068965517,0.2602739726027397,0.26956521739130435,0.4246575342465753,39,24,52.0
atraso,90,B_full,arequipa,lgbm,nacional,0.169499226977916,14085,969,0.06879659211927583,0.14406014061591094,0.6650904322500095,0.06328545791874852,0.14468457525599202,2014,0.15938430983118174,0.33126934984520123,0.21521957760643648,0.27249575551782684,321,1693,648,11423,0.23579545454545456,0.17131062951496387,0.17826704545454544,0.2590299277605779,0.14093006744763933,0.40970072239422084,508,220,65.0
atraso,90,B_full,arequipa,xgb,arequipa,0.1897236011211075,577,73,0.1265164644714038,0.2399511314530482,0.659205805609915,0.10510332137346268,0.1268314564272986,203,0.21182266009852216,0.589041095890411,0.3115942028985507,0.43434343434343436,43,160,30,344,0.3448275862068966,0.136986301369863,0.3275862068965517,0.2602739726027397,0.26956521739130435,0.4246575342465753,39,26,38.5
atraso,90,B_full,arequipa,xgb,nacional,0.1897236011211075,14085,969,0.06879659211927583,0.13938318246095296,0.6755206223675004,0.0640234723687172,0.1268314564272986,3350,0.13044776119402984,0.45098039215686275,0.20236165779115536,0.3023802933849986,437,2913,532,10203,0.19602272727272727,0.14241486068111456,0.17329545454545456,0.2518059855521156,0.14057507987220447,0.4086687306501548,508,289,65.0
atraso,90,B_full_sinproxy,nacional,lgbm,arequipa,0.1859477145413286,577,73,0.1265164644714038,0.2786188134257051,0.716025222874538,0.10282887482383363,0.05885823445571911,392,0.1556122448979592,0.8356164383561644,0.2623655913978495,0.44590643274853803,61,331,12,173,0.3448275862068966,0.136986301369863,0.3103448275862069,0.2465753424657534,0.2608695652173913,0.410958904109589,39,37,65.0
atraso,90,B_full_sinproxy,nacional,lgbm,nacional,0.1859477145413286,14085,969,0.06879659211927583,0.2047301546092277,0.7632816613587861,0.05965030773439699,0.05885823445571911,6016,0.12599734042553193,0.782249742002064,0.21703650680028633,0.3831378892033967,758,5258,211,7858,0.2741477272727273,0.19917440660474717,0.234375,0.34055727554179566,0.18281860134895278,0.5314757481940144,508,450,65.0
disrupcion,30,A,nacional,regla,arequipa,0.18986615352944866,471,91,0.1932059447983015,0.2993761649422366,0.6533256217466743,,1.000033,274,0.24452554744525548,0.7362637362637363,0.36712328767123287,0.5250783699059561,67,207,24,173,0.25,0.06593406593406594,0.3191489361702128,0.16483516483516483,0.3191489361702128,0.32967032967032966,98,70,28.5
disrupcion,30,A,nacional,regla,nacional,0.18986615352944866,10027,1790,0.17851800139623017,0.20528671507098045,0.5834652606477246,,1.000033,4785,0.21901776384535004,0.5854748603351956,0.3187832699619772,0.43867727082461283,1048,3737,742,4500,0.16167664670658682,0.045251396648044694,0.1914257228315055,0.10726256983240223,0.20997506234413965,0.23519553072625698,1872,1090,31.0
disrupcion,30,A,nacional,logreg,arequipa,0.2441037134052338,471,91,0.1932059447983015,0.2783501555427227,0.6285714285714286,0.2050705485799445,0.4608605997756692,184,0.2717391304347826,0.5494505494505495,0.36363636363636365,0.4562043795620438,50,134,41,246,0.3333333333333333,0.08791208791208792,0.3191489361702128,0.16483516483516483,0.2553191489361702,0.26373626373626374,98,56,21.5
disrupcion,30,A,nacional,logreg,nacional,0.2441037134052338,10027,1790,0.17851800139623017,0.2388134930722604,0.6166662484239598,0.21766842236352235,0.4608605997756692,4344,0.23549723756906077,0.5715083798882682,0.3335507010107597,0.4446279554937413,1023,3321,767,4916,0.2714570858283433,0.07597765363128492,0.27218344965104685,0.15251396648044693,0.25785536159600997,0.2888268156424581,1872,1141,31.0
disrupcion,30,A,nacional,rf,arequipa,0.26357236825253416,471,91,0.1932059447983015,0.30211456073122095,0.6541064198958936,0.18688411764194449,0.3912472218872727,236,0.2584745762711864,0.6703296703296703,0.3730886850152905,0.5083333333333333,61,175,30,205,0.2916666666666667,0.07692307692307693,0.3191489361702128,0.16483516483516483,0.3191489361702128,0.32967032967032966,98,70,29.5
disrupcion,30,A,nacional,rf,nacional,0.26357236825253416,10027,1790,0.17851800139623017,0.2971031333523331,0.6663965497011373,0.1845947169099728,0.3912472218872727,5148,0.243006993006993,0.6988826815642458,0.36062265782646297,0.5082060448488788,1251,3897,539,4340,0.3972055888223553,0.1111731843575419,0.357926221335992,0.2005586592178771,0.30723192019950124,0.34413407821229053,1872,1357,31.0
disrupcion,30,A,nacional,lgbm,arequipa,0.2690713877360078,471,91,0.1932059447983015,0.30423311856056573,0.6650954308849045,0.15057045553470608,0.1538946696676204,216,0.27314814814814814,0.6483516483516484,0.38436482084690554,0.5086206896551724,59,157,32,223,0.375,0.0989010989010989,0.3829787234042553,0.1978021978021978,0.2872340425531915,0.2967032967032967,98,68,22.5
disrupcion,30,A,nacional,lgbm,nacional,0.2690713877360078,10027,1790,0.17851800139623017,0.3140874184830733,0.6742897051931501,0.1385744155445348,0.1538946696676204,4988,0.24759422614274257,0.6899441340782123,0.36441428149896726,0.5083141257820217,1235,3753,555,4484,0.4471057884231537,0.12513966480446928,0.39282153539381853,0.2201117318435754,0.33216957605985037,0.37206703910614525,1872,1358,31.0
disrupcion,30,A,nacional,xgb,arequipa,0.26720507901244933,471,91,0.1932059447983015,0.3057208038836504,0.6466743782533256,0.15032288432121277,0.14941957986646862,232,0.2672413793103448,0.6813186813186813,0.38390092879256965,0.5201342281879194,62,170,29,210,0.375,0.0989010989010989,0.3829787234042553,0.1978021978021978,0.3404255319148936,0.3516483516483517,98,74,29.0
disrupcion,30,A,nacional,xgb,nacional,0.26720507901244933,10027,1790,0.17851800139623017,0.3038613115639912,0.6712068382004349,0.13845880329608917,0.14941957986646862,5261,0.24482037635430526,0.7195530726256983,0.3653382498936321,0.5184767732066661,1288,3973,502,4264,0.4231536926147705,0.11843575418994413,0.357926221335992,0.2005586592178771,0.32119700748129676,0.35977653631284917,1872,1427,31.0
disrupcion,30,A,arequipa,regla,arequipa,0.16398521742905672,471,91,0.1932059447983015,0.2993761649422366,0.6533256217466743,,6.000065496884422,150,0.2733333333333333,0.45054945054945056,0.34024896265560167,0.39883268482490275,41,109,50,271,0.25,0.06593406593406594,0.3191489361702128,0.16483516483516483,0.3191489361702128,0.32967032967032966,98,44,25.0
disrupcion,30,A,arequipa,regla,nacional,0.16398521742905672,10027,1790,0.17851800139623017,0.20528671507098045,0.5834652606477246,,6.000065496884422,2306,0.21552471812662619,0.2776536312849162,0.24267578125,0.26251848721740967,497,1809,1293,6428,0.16167664670658682,0.045251396648044694,0.1914257228315055,0.10726256983240223,0.20997506234413965,0.23519553072625698,1872,519,30.0
disrupcion,30,A,arequipa,logreg,arequipa,0.15836687406192362,471,91,0.1932059447983015,0.22826311304810556,0.5700694042799306,0.19699323416210976,0.3653611127300647,227,0.23788546255506607,0.5934065934065934,0.33962264150943394,0.45685279187817257,54,173,37,207,0.20833333333333334,0.054945054945054944,0.23404255319148937,0.12087912087912088,0.24468085106382978,0.25274725274725274,98,59,31.0
disrupcion,30,A,arequipa,logreg,nacional,0.15836687406192362,10027,1790,0.17851800139623017,0.2000403041908276,0.5479590999326517,0.2020454577050163,0.3653611127300647,4885,0.2008188331627431,0.5480446927374302,0.2939325842696629,0.40722291407222916,981,3904,809,4333,0.1996007984031936,0.055865921787709494,0.2073778664007976,0.11620111731843576,0.21546134663341646,0.24134078212290502,1872,1083,33.0
disrupcion,30,A,arequipa,rf,arequipa,0.3066672676679546,471,91,0.1932059447983015,0.2704685167332118,0.6150375939849624,0.1811319565104357,0.4927078072844739,33,0.30303030303030304,0.10989010989010989,0.16129032258064516,0.12594458438287154,10,23,81,357,0.3333333333333333,0.08791208791208792,0.2978723404255319,0.15384615384615385,0.2872340425531915,0.2967032967032967,98,12,21.5
disrupcion,30,A,arequipa,rf,nacional,0.3066672676679546,10027,1790,0.17851800139623017,0.2375476883205393,0.5848630277742547,0.17388042513810734,0.4927078072844739,410,0.2951219512195122,0.06759776536312849,0.11,0.07992073976221929,121,289,1669,7948,0.2994011976047904,0.08379888268156424,0.2931206380857428,0.16424581005586592,0.26134663341645886,0.2927374301675978,1872,150,24.0
disrupcion,30,A,arequipa,lgbm,arequipa,0.3430150799101883,471,91,0.1932059447983015,0.2749894157280494,0.6176402544823597,0.15415089932508766,0.1685653835092231,126,0.25396825396825395,0.3516483516483517,0.29493087557603687,0.32653061224489793,32,94,59,286,0.4166666666666667,0.10989010989010989,0.3191489361702128,0.16483516483516483,0.2553191489361702,0.26373626373626374,98,45,44.0
disrupcion,30,A,arequipa,lgbm,nacional,0.3430150799101883,10027,1790,0.17851800139623017,0.22498381485976615,0.571369206801576,0.14717447326683902,0.1685653835092231,2315,0.2367170626349892,0.30614525139664805,0.2669914738124239,0.2891820580474934,548,1767,1242,6470,0.28542914171656686,0.07988826815642458,0.2642073778664008,0.14804469273743018,0.2374064837905237,0.2659217877094972,1872,750,31.0
disrupcion,30,A,arequipa,xgb,arequipa,0.3144188989811486,471,91,0.1932059447983015,0.25931921740673636,0.5902834008097165,0.1587507277727127,0.21502058315666478,63,0.2698412698412698,0.18681318681318682,0.22077922077922077,0.1990632318501171,17,46,74,334,0.2916666666666667,0.07692307692307693,0.2765957446808511,0.14285714285714285,0.26595744680851063,0.27472527472527475,98,21,24.0
disrupcion,30,A,arequipa,xgb,nacional,0.3144188989811486,10027,1790,0.17851800139623017,0.22234960546537286,0.5617920366136449,0.15054655075073242,0.21502058315666478,876,0.2625570776255708,0.12849162011173185,0.17254313578394598,0.14310602289696367,230,646,1560,7591,0.2774451097804391,0.0776536312849162,0.2572283150548355,0.1441340782122905,0.24738154613466334,0.2770949720670391,1872,282,27.0
disrupcion,30,B_full,nacional,regla,arequipa,0.18986615352944866,471,91,0.1932059447983015,0.2993761649422366,0.6533256217466743,,1.000033,274,0.24452554744525548,0.7362637362637363,0.36712328767123287,0.5250783699059561,67,207,24,173,0.25,0.06593406593406594,0.3191489361702128,0.16483516483516483,0.3191489361702128,0.32967032967032966,98,70,28.5
disrupcion,30,B_full,nacional,regla,nacional,0.18986615352944866,10027,1790,0.17851800139623017,0.20528671507098045,0.5834652606477246,,1.000033,4785,0.21901776384535004,0.5854748603351956,0.3187832699619772,0.43867727082461283,1048,3737,742,4500,0.16167664670658682,0.045251396648044694,0.1914257228315055,0.10726256983240223,0.20997506234413965,0.23519553072625698,1872,1090,31.0
disrupcion,30,B_full,nacional,logreg,arequipa,0.25224565647614167,471,91,0.1932059447983015,0.3029229127744703,0.654945054945055,0.20730021107784996,0.4581706712431244,199,0.2663316582914573,0.5824175824175825,0.36551724137931035,0.4706927175843694,53,146,38,234,0.375,0.0989010989010989,0.3617021276595745,0.18681318681318682,0.3191489361702128,0.32967032967032966,98,61,31.0
disrupcion,30,B_full,nacional,logreg,nacional,0.25224565647614167,10027,1790,0.17851800139623017,0.27511091729237275,0.6570406864244521,0.2185588449667817,0.4581706712431244,4514,0.2516614975631369,0.6346368715083799,0.3604060913705584,0.4865513106047627,1136,3378,654,4859,0.36926147704590817,0.10335195530726257,0.33100697906281157,0.18547486033519553,0.29526184538653366,0.3307262569832402,1872,1252,31.0
disrupcion,30,B_full,nacional,rf,arequipa,0.28593706230081306,471,91,0.1932059447983015,0.3536249603139663,0.6937246963562753,0.20531722723842094,0.4370187152853934,254,0.2795275590551181,0.7802197802197802,0.4115942028985507,0.5744336569579288,71,183,20,197,0.5,0.13186813186813187,0.46808510638297873,0.24175824175824176,0.3617021276595745,0.37362637362637363,98,78,29.0
disrupcion,30,B_full,nacional,rf,nacional,0.28593706230081306,10027,1790,0.17851800139623017,0.333672386293976,0.6927362093510477,0.20265887687119283,0.4370187152853934,5168,0.25754643962848295,0.7435754189944134,0.3825812014946824,0.5398280337443219,1331,3837,459,4400,0.45708582834331335,0.12793296089385475,0.40279162512462613,0.22569832402234638,0.3491271820448878,0.39106145251396646,1872,1420,30.0
disrupcion,30,B_full,nacional,lgbm,arequipa,0.29392011250471084,471,91,0.1932059447983015,0.3456581293588271,0.6934933487565066,0.1454276022318017,0.15201670974042636,213,0.3051643192488263,0.7142857142857143,0.4276315789473684,0.5632582322357019,65,148,26,232,0.4583333333333333,0.12087912087912088,0.40425531914893614,0.2087912087912088,0.35106382978723405,0.3626373626373626,98,75,29.0
disrupcion,30,B_full,nacional,lgbm,nacional,0.29392011250471084,10027,1790,0.17851800139623017,0.349376924331402,0.6988061092373085,0.134588009489426,0.15201670974042636,4889,0.26222131315197383,0.7162011173184357,0.3838898038628537,0.5319943563781226,1282,3607,508,4630,0.49500998003992014,0.13854748603351955,0.42073778664007977,0.23575418994413408,0.35810473815461347,0.4011173184357542,1872,1408,31.0
disrupcion,30,B_full,nacional,xgb,arequipa,0.2972338109916889,471,91,0.1932059447983015,0.3678986687823157,0.69679005205321,0.14542901515960693,0.15573012828826904,221,0.3031674208144796,0.7362637362637363,0.42948717948717946,0.5726495726495726,67,154,24,226,0.5416666666666666,0.14285714285714285,0.425531914893617,0.21978021978021978,0.3829787234042553,0.3956043956043956,98,75,27.0
disrupcion,30,B_full,nacional,xgb,nacional,0.2972338109916889,10027,1790,0.17851800139623017,0.34961933900278946,0.6963981164157097,0.13534623384475708,0.15573012828826904,4805,0.26326742976066597,0.7067039106145251,0.38362395754359363,0.5286251567070622,1265,3540,525,4697,0.4930139720558882,0.13798882681564245,0.42971086739780656,0.24078212290502793,0.3516209476309227,0.39385474860335196,1872,1387,30.0
disrupcion,30,B_full,arequipa,regla,arequipa,0.16398521742905672,471,91,0.1932059447983015,0.2993761649422366,0.6533256217466743,,6.000065496884422,150,0.2733333333333333,0.45054945054945056,0.34024896265560167,0.39883268482490275,41,109,50,271,0.25,0.06593406593406594,0.3191489361702128,0.16483516483516483,0.3191489361702128,0.32967032967032966,98,44,25.0
disrupcion,30,B_full,arequipa,regla,nacional,0.16398521742905672,10027,1790,0.17851800139623017,0.20528671507098045,0.5834652606477246,,6.000065496884422,2306,0.21552471812662619,0.2776536312849162,0.24267578125,0.26251848721740967,497,1809,1293,6428,0.16167664670658682,0.045251396648044694,0.1914257228315055,0.10726256983240223,0.20997506234413965,0.23519553072625698,1872,519,30.0
disrupcion,30,B_full,arequipa,logreg,arequipa,0.18902923050099624,471,91,0.1932059447983015,0.22801863928283608,0.5788027761711972,0.21143798918896284,0.31640720603958544,272,0.23161764705882354,0.6923076923076923,0.34710743801652894,0.49528301886792453,63,209,28,171,0.25,0.06593406593406594,0.2553191489361702,0.13186813186813187,0.22340425531914893,0.23076923076923078,98,70,31.0
disrupcion,30,B_full,arequipa,logreg,nacional,0.18902923050099624,10027,1790,0.17851800139623017,0.19934626575560654,0.5551566951953408,0.21691996424966642,0.31640720603958544,5941,0.2008079447904393,0.6664804469273743,0.3086276031561247,0.4553087550568659,1193,4748,597,3489,0.17165668662674652,0.048044692737430165,0.20139581256231306,0.11284916201117319,0.2144638403990025,0.24022346368715083,1872,1320,33.0
disrupcion,30,B_full,arequipa,rf,arequipa,0.3072640774904046,471,91,0.1932059447983015,0.26121926473289103,0.5956911509543088,0.16091652904953674,0.29705664744791643,179,0.25139664804469275,0.4945054945054945,0.3333333333333333,0.4143646408839779,45,134,46,246,0.25,0.06593406593406594,0.2978723404255319,0.15384615384615385,0.2765957446808511,0.2857142857142857,98,49,30.0
disrupcion,30,B_full,arequipa,rf,nacional,0.3072640774904046,10027,1790,0.17851800139623017,0.2509172057163979,0.6052602950442308,0.15034247936808084,0.29705664744791643,2944,0.25033967391304346,0.411731843575419,0.3113645965356992,0.3647070467141726,737,2207,1053,6030,0.3473053892215569,0.09720670391061452,0.3020937188434696,0.16927374301675976,0.2633416458852868,0.29497206703910617,1872,864,30.0
disrupcion,30,B_full,arequipa,lgbm,arequipa,0.37729380283537306,471,91,0.1932059447983015,0.27764435967567636,0.6074609600925389,0.15445773364186788,0.14148171287095987,213,0.24882629107981222,0.5824175824175825,0.34868421052631576,0.4592720970537262,53,160,38,220,0.3333333333333333,0.08791208791208792,0.3191489361702128,0.16483516483516483,0.30851063829787234,0.31868131868131866,98,64,31.0
disrupcion,30,B_full,arequipa,lgbm,nacional,0.37729380283537306,10027,1790,0.17851800139623017,0.24917023926391624,0.6045926440377015,0.14525173629663637,0.14148171287095987,3878,0.23259412068076327,0.5039106145251396,0.31827805222300637,0.40858851241166877,902,2976,888,5261,0.32335329341317365,0.09050279329608939,0.3050847457627119,0.17094972067039105,0.2683291770573566,0.3005586592178771,1872,1134,32.0
disrupcion,30,B_full,arequipa,xgb,arequipa,0.3725720611265459,471,91,0.1932059447983015,0.27379562424679593,0.6252168883747831,0.15514501929283142,0.14950777808850135,192,0.2760416666666667,0.5824175824175825,0.3745583038869258,0.4766187050359712,53,139,38,241,0.3333333333333333,0.08791208791208792,0.3191489361702128,0.16483516483516483,0.2872340425531915,0.2967032967032967,98,60,29.0
disrupcion,30,B_full,arequipa,xgb,nacional,0.3725720611265459,10027,1790,0.17851800139623017,0.24722212520265222,0.6032618522635634,0.147009015083313,0.14950777808850135,3312,0.2442632850241546,0.4519553072625698,0.31713053704429633,0.3862681436210848,809,2503,981,5734,0.32335329341317365,0.09050279329608939,0.2931206380857428,0.16424581005586592,0.2633416458852868,0.29497206703910617,1872,991,31.0
disrupcion,30,B_full_sinproxy,nacional,lgbm,arequipa,0.29176288640635334,471,91,0.1932059447983015,0.3578805193130814,0.7108444187391556,0.1462605688157058,0.15717970126160585,201,0.2935323383084577,0.6483516483516484,0.4041095890410959,0.5221238938053098,59,142,32,238,0.4583333333333333,0.12087912087912088,0.425531914893617,0.21978021978021978,0.4148936170212766,0.42857142857142855,98,68,31.0
disrupcion,30,B_full_sinproxy,nacional,lgbm,nacional,0.29176288640635334,10027,1790,0.17851800139623017,0.34250912751987794,0.6959314253779275,0.1362885157360796,0.15717970126160585,4682,0.2650576676633917,0.6932960893854748,0.3834981458590853,0.5239824353994258,1241,3441,549,4796,0.4810379241516966,0.13463687150837989,0.4307078763708873,0.24134078212290502,0.35511221945137156,0.39776536312849164,1872,1361,30.0
disrupcion,60,A,nacional,regla,arequipa,0.31349685348934164,394,125,0.31725888324873097,0.42751798389358975,0.6347509293680298,,1.000057,224,0.38392857142857145,0.688,0.49283667621776506,0.5939226519337016,86,138,39,131,0.35,0.056,0.48717948717948717,0.152,0.4810126582278481,0.304,96,64,30.5
disrupcion,60,A,nacional,regla,nacional,0.31349685348934164,8440,2618,0.31018957345971565,0.33520685785847315,0.5640323616408245,,1.000057,3834,0.36098069900886803,0.5286478227654698,0.42901425914445135,0.48371312735915,1384,2450,1234,3372,0.26303317535545023,0.04239877769289534,0.30450236966824645,0.09816653934300994,0.3347156398104265,0.21581359816653933,1816,991,33.0
disrupcion,60,A,nacional,logreg,arequipa,0.38738565347331666,394,125,0.31725888324873097,0.39642481635633303,0.6195687732342007,0.2260133938012772,0.4785491653569455,152,0.3881578947368421,0.472,0.4259927797833935,0.45245398773006135,59,93,66,176,0.25,0.04,0.38461538461538464,0.12,0.4430379746835443,0.28,96,52,26.5
disrupcion,60,A,nacional,logreg,nacional,0.38738565347331666,8440,2618,0.31018957345971565,0.3903668150755009,0.6244037854359756,0.22401171236675554,0.4785491653569455,3078,0.3953866146848603,0.46485867074102366,0.4273174157303371,0.4490774907749078,1217,1861,1401,3961,0.4146919431279621,0.06684491978609626,0.4218009478672986,0.1359816653934301,0.4253554502369668,0.2742551566080978,1816,974,34.0
disrupcion,60,A,nacional,rf,arequipa,0.4228493289579481,394,125,0.31725888324873097,0.41294364056103733,0.6390185873605947,0.21124542948304376,0.3759402254123097,228,0.38596491228070173,0.704,0.4985835694050991,0.6043956043956044,88,140,37,129,0.4,0.064,0.4358974358974359,0.136,0.43037974683544306,0.272,96,75,31.0
disrupcion,60,A,nacional,rf,nacional,0.4228493289579481,8440,2618,0.31018957345971565,0.45768352195320183,0.6807785541998568,0.2012469141165507,0.3759402254123097,4561,0.4113133084849814,0.7165775401069518,0.5226354645493801,0.6239606199694007,1876,2685,742,3137,0.5355450236966824,0.08632543926661573,0.518957345971564,0.16730328495034377,0.4863744075829384,0.313598166539343,1816,1399,35.0
disrupcion,60,A,nacional,lgbm,arequipa,0.4265137181573289,394,125,0.31725888324873097,0.4975647381926792,0.692371747211896,0.19731840969291672,0.26420564085632897,223,0.42152466367713004,0.752,0.5402298850574713,0.6500691562932227,94,129,31,140,0.55,0.088,0.5641025641025641,0.176,0.6075949367088608,0.384,96,79,31.0
disrupcion,60,A,nacional,lgbm,nacional,0.4265137181573289,8440,2618,0.31018957345971565,0.48729483791331296,0.6892909563813034,0.1940967679625348,0.26420564085632897,4699,0.4071078952968717,0.7307104660045837,0.5228918955856225,0.6304792037439853,1913,2786,705,3036,0.6137440758293838,0.09893048128342247,0.5793838862559242,0.18678380443086326,0.5278436018957346,0.3403361344537815,1816,1433,35.0
disrupcion,60,A,nacional,xgb,arequipa,0.42704345476281924,394,125,0.31725888324873097,0.4934780977499446,0.6837769516728626,0.19786567986011505,0.26595561335284507,215,0.42790697674418604,0.736,0.5411764705882353,0.6433566433566433,92,123,33,146,0.5,0.08,0.5641025641025641,0.176,0.5316455696202531,0.336,96,73,31.0
disrupcion,60,A,nacional,xgb,nacional,0.42704345476281924,8440,2618,0.31018957345971565,0.4787472891151484,0.6819464130550881,0.19543670117855072,0.26595561335284507,4552,0.4101493848857645,0.7131398013750955,0.5207810320781032,0.621339190628328,1867,2685,751,3137,0.6090047393364929,0.09816653934300994,0.5556872037914692,0.17914438502673796,0.5260663507109005,0.3391902215431627,1816,1399,35.0
disrupcion,60,A,arequipa,regla,arequipa,0.300476440014021,394,125,0.31725888324873097,0.42751798389358975,0.6347509293680298,,4.0000418701507545,172,0.38372093023255816,0.528,0.4444444444444444,0.49107142857142855,66,106,59,163,0.35,0.056,0.48717948717948717,0.152,0.4810126582278481,0.304,96,50,26.0
disrupcion,60,A,arequipa,regla,nacional,0.300476440014021,8440,2618,0.31018957345971565,0.33520685785847315,0.5640323616408245,,4.0000418701507545,2502,0.3473221422861711,0.3319327731092437,0.339453125,0.3349005703715123,869,1633,1749,4189,0.26303317535545023,0.04239877769289534,0.30450236966824645,0.09816653934300994,0.3347156398104265,0.21581359816653933,1816,626,32.0
disrupcion,60,A,arequipa,logreg,arequipa,0.23957267153231973,394,125,0.31725888324873097,0.3359523013069463,0.5398959107806691,0.2653925437140285,0.3089112088140682,267,0.3445692883895131,0.736,0.46938775510204084,0.5997392438070405,92,175,33,94,0.3,0.048,0.358974358974359,0.112,0.35443037974683544,0.224,96,74,33.0
disrupcion,60,A,arequipa,logreg,nacional,0.23957267153231973,8440,2618,0.31018957345971565,0.31460993207604604,0.5207450520259944,0.2806689157825763,0.3089112088140682,5265,0.3234567901234568,0.6504965622612682,0.43206900926043385,0.5410815276100909,1703,3562,915,2260,0.22985781990521326,0.03705118411000764,0.28199052132701424,0.09090909090909091,0.3187203791469194,0.2055003819709702,1816,1310,37.0
disrupcion,60,A,arequipa,rf,arequipa,0.3687137052011496,394,125,0.31725888324873097,0.4126830161378351,0.60817843866171,0.22131395735450346,0.4570569780365734,114,0.41228070175438597,0.376,0.39330543933054396,0.38273615635179153,47,67,78,202,0.4,0.064,0.5128205128205128,0.16,0.4430379746835443,0.28,96,44,31.5
disrupcion,60,A,arequipa,rf,nacional,0.3687137052011496,8440,2618,0.31018957345971565,0.3684505895594412,0.5712046506244983,0.21970421678908372,0.4570569780365734,1420,0.3957746478873239,0.21466768525592056,0.27835562159484895,0.23629330642448704,562,858,2056,4964,0.43601895734597157,0.07028265851795264,0.4028436018957346,0.12987012987012986,0.39988151658767773,0.2578304048892284,1816,513,34.0
disrupcion,60,A,arequipa,lgbm,arequipa,0.24814527001169234,394,125,0.31725888324873097,0.445332461966659,0.6263197026022305,0.20920771743344757,0.35425067913820335,52,0.5,0.208,0.2937853107344633,0.23550724637681159,26,26,99,243,0.5,0.08,0.5641025641025641,0.176,0.4810126582278481,0.304,96,26,27.0
disrupcion,60,A,arequipa,lgbm,nacional,0.24814527001169234,8440,2618,0.31018957345971565,0.37017218291171045,0.5772482160472946,0.21321727004949306,0.35425067913820335,780,0.4025641025641026,0.119938884644767,0.1848145968216598,0.13953075008887308,314,466,2304,5356,0.45734597156398105,0.07372039724980901,0.3957345971563981,0.12757830404889228,0.3868483412322275,0.2494270435446906,1816,288,34.0
disrupcion,60,A,arequipa,xgb,arequipa,0.4205945887887278,394,125,0.31725888324873097,0.44100723665238023,0.6312565055762082,0.2097710520029068,0.35197076201438904,42,0.5238095238095238,0.176,0.2634730538922156,0.2029520295202952,22,20,103,249,0.5,0.08,0.5384615384615384,0.168,0.4810126582278481,0.304,96,21,24.0
disrupcion,60,A,arequipa,xgb,nacional,0.4205945887887278,8440,2618,0.31018957345971565,0.37256826397081705,0.5764272933807357,0.21356108784675598,0.35197076201438904,679,0.40942562592047127,0.10618792971734148,0.1686381558993024,0.12465249753385346,278,401,2340,5421,0.44075829383886256,0.07104660045836517,0.4146919431279621,0.13368983957219252,0.4099526066350711,0.2643239113827349,1816,267,34.0
disrupcion,60,B_full,nacional,regla,arequipa,0.31349685348934164,394,125,0.31725888324873097,0.42751798389358975,0.6347509293680298,,1.000057,224,0.38392857142857145,0.688,0.49283667621776506,0.5939226519337016,86,138,39,131,0.35,0.056,0.48717948717948717,0.152,0.4810126582278481,0.304,96,64,30.5
disrupcion,60,B_full,nacional,regla,nacional,0.31349685348934164,8440,2618,0.31018957345971565,0.33520685785847315,0.5640323616408245,,1.000057,3834,0.36098069900886803,0.5286478227654698,0.42901425914445135,0.48371312735915,1384,2450,1234,3372,0.26303317535545023,0.04239877769289534,0.30450236966824645,0.09816653934300994,0.3347156398104265,0.21581359816653933,1816,991,33.0
disrupcion,60,B_full,nacional,logreg,arequipa,0.39642554520698925,394,125,0.31725888324873097,0.47313017134276203,0.6654275092936803,0.21689583373981003,0.46584462776836305,182,0.45604395604395603,0.664,0.5407166123778502,0.6085043988269795,83,99,42,170,0.55,0.088,0.46153846153846156,0.144,0.46835443037974683,0.296,96,67,31.0
disrupcion,60,B_full,nacional,logreg,nacional,0.39642554520698925,8440,2618,0.31018957345971565,0.42888642343958666,0.659009095659125,0.22095984558253626,0.46584462776836305,3645,0.42194787379972565,0.5874713521772346,0.49113843206131247,0.5447333002762627,1538,2107,1080,3715,0.495260663507109,0.07983193277310924,0.49170616113744076,0.1585179526355997,0.46919431279620855,0.3025210084033613,1816,1195,34.0
disrupcion,60,B_full,nacional,rf,arequipa,0.43697718228989624,394,125,0.31725888324873097,0.4704184233699757,0.6876133828996283,0.20489389374371111,0.3795995206178899,211,0.4218009478672986,0.712,0.5297619047619048,0.6258790436005626,89,122,36,147,0.5,0.08,0.5641025641025641,0.176,0.5189873417721519,0.328,96,74,31.0
disrupcion,60,B_full,nacional,rf,nacional,0.43697718228989624,8440,2618,0.31018957345971565,0.498111581744446,0.6985043822344528,0.19817633410607932,0.3795995206178899,4344,0.4279465930018416,0.7100840336134454,0.5340419419706981,0.6273623110151187,1859,2485,759,3337,0.6350710900473934,0.10236822001527884,0.5888625592417062,0.18983957219251338,0.5337677725118484,0.34415584415584416,1816,1401,33.0
disrupcion,60,B_full,nacional,lgbm,arequipa,0.43639423763982377,394,125,0.31725888324873097,0.4977453736945047,0.7066468401486989,0.19478772942546654,0.2704712956141163,218,0.43119266055045874,0.752,0.5481049562682215,0.6545961002785515,94,124,31,145,0.55,0.088,0.6410256410256411,0.2,0.5569620253164557,0.352,96,79,31.0
disrupcion,60,B_full,nacional,lgbm,nacional,0.43639423763982377,8440,2618,0.31018957345971565,0.5158271657837216,0.7043622764367606,0.19020495995935716,0.2704712956141163,4595,0.42415669205658324,0.7444614209320092,0.5404131429363649,0.646777726156501,1949,2646,669,3176,0.6848341232227488,0.11038961038961038,0.6149289099526066,0.1982429335370512,0.5550947867298578,0.35790679908326967,1816,1451,34.0
disrupcion,60,B_full,nacional,xgb,arequipa,0.4343032475530695,394,125,0.31725888324873097,0.5109670336992772,0.6993308550185873,0.19424346089363098,0.2697139854092694,221,0.4298642533936652,0.76,0.5491329479768786,0.6588072122052705,95,126,30,143,0.7,0.112,0.6410256410256411,0.2,0.569620253164557,0.36,96,81,31.0
disrupcion,60,B_full,nacional,xgb,nacional,0.4343032475530695,8440,2618,0.31018957345971565,0.513332806188706,0.6999354284045214,0.19080223143100739,0.2697139854092694,4616,0.41616117850953205,0.7337662337662337,0.5311031241360243,0.6365986214209968,1921,2695,697,3127,0.6895734597156398,0.11115355233002291,0.6125592417061612,0.19747899159663865,0.5420616113744076,0.3495034377387319,1816,1439,34.0
disrupcion,60,B_full,arequipa,regla,arequipa,0.300476440014021,394,125,0.31725888324873097,0.42751798389358975,0.6347509293680298,,4.0000418701507545,172,0.38372093023255816,0.528,0.4444444444444444,0.49107142857142855,66,106,59,163,0.35,0.056,0.48717948717948717,0.152,0.4810126582278481,0.304,96,50,26.0
disrupcion,60,B_full,arequipa,regla,nacional,0.300476440014021,8440,2618,0.31018957345971565,0.33520685785847315,0.5640323616408245,,4.0000418701507545,2502,0.3473221422861711,0.3319327731092437,0.339453125,0.3349005703715123,869,1633,1749,4189,0.26303317535545023,0.04239877769289534,0.30450236966824645,0.09816653934300994,0.3347156398104265,0.21581359816653933,1816,626,32.0
disrupcion,60,B_full,arequipa,logreg,arequipa,0.25317937368876525,394,125,0.31725888324873097,0.3596941391627324,0.5637472118959107,0.2793643278370838,0.3598944015463297,225,0.3422222222222222,0.616,0.44,0.5310344827586206,77,148,48,121,0.4,0.064,0.38461538461538464,0.12,0.4050632911392405,0.256,96,68,32.5
disrupcion,60,B_full,arequipa,logreg,nacional,0.25317937368876525,8440,2618,0.31018957345971565,0.31776920119729435,0.5313783706543421,0.2988309596333321,0.3598944015463297,4678,0.3336896109448482,0.5962566844919787,0.42790570175438597,0.5151815181518152,1561,3117,1057,2705,0.24881516587677724,0.040106951871657755,0.2902843601895735,0.09358288770053476,0.3169431279620853,0.2043544690603514,1816,1220,37.0
disrupcion,60,B_full,arequipa,rf,arequipa,0.3784744115865123,394,125,0.31725888324873097,0.4364925533291879,0.6439256505576209,0.2171495928281669,0.45170625978427975,138,0.39855072463768115,0.44,0.41825095057034223,0.43103448275862066,55,83,70,186,0.6,0.096,0.46153846153846156,0.144,0.45569620253164556,0.288,96,49,34.0
disrupcion,60,B_full,arequipa,rf,nacional,0.3784744115865123,8440,2618,0.31018957345971565,0.40304332540664123,0.6109457055362041,0.21480775175010816,0.45170625978427975,1738,0.43095512082853854,0.28609625668449196,0.34389348025711663,0.3067158067158067,749,989,1869,4833,0.4834123222748815,0.07792207792207792,0.466824644549763,0.15049656226126815,0.4306872037914692,0.27769289533995417,1816,633,32.0
disrupcion,60,B_full,arequipa,lgbm,arequipa,0.4180930939159897,394,125,0.31725888324873097,0.44944779096011656,0.6187657992565057,0.21190205451003938,0.31880232598888936,148,0.38513513513513514,0.456,0.4175824175824176,0.4398148148148148,57,91,68,178,0.6,0.096,0.5384615384615384,0.168,0.43037974683544306,0.272,96,57,31.0
disrupcion,60,B_full,arequipa,lgbm,nacional,0.4180930939159897,8440,2618,0.31018957345971565,0.39979259781245835,0.6030193158428856,0.21655310928797408,0.31880232598888936,2281,0.40070144673388863,0.34912146676852557,0.37313737497448457,0.35834705559476204,914,1367,1704,4455,0.5379146919431279,0.086707410236822,0.47393364928909953,0.15278838808250572,0.4277251184834123,0.2757830404889228,1816,801,34.0
disrupcion,60,B_full,arequipa,xgb,arequipa,0.4269968049171222,394,125,0.31725888324873097,0.46377601390820594,0.6582899628252789,0.2052069902420044,0.35295893251895905,69,0.5072463768115942,0.28,0.36082474226804123,0.30755711775043937,35,34,90,235,0.6,0.096,0.5641025641025641,0.176,0.4810126582278481,0.304,96,33,20.0
disrupcion,60,B_full,arequipa,xgb,nacional,0.4269968049171222,8440,2618,0.31018957345971565,0.40092188893577413,0.6146934102331479,0.20880010724067688,0.35295893251895905,1135,0.43612334801762115,0.18907563025210083,0.2637889688249401,0.2132333936417679,495,640,2123,5182,0.46445497630331756,0.0748663101604278,0.4466824644549763,0.14400305576776165,0.4306872037914692,0.27769289533995417,1816,438,31.0
disrupcion,60,B_full_sinproxy,nacional,lgbm,arequipa,0.4349076361360952,394,125,0.31725888324873097,0.525922103602697,0.7156877323420074,0.1920935803767669,0.2693701134786952,217,0.4423963133640553,0.768,0.5614035087719298,0.6694560669456067,96,121,29,148,0.55,0.088,0.6153846153846154,0.192,0.6075949367088608,0.384,96,80,31.5
disrupcion,60,B_full_sinproxy,nacional,lgbm,nacional,0.4349076361360952,8440,2618,0.31018957345971565,0.5150970598702074,0.7066644683544071,0.18951514321439247,0.2693701134786952,4542,0.424922941435491,0.7372039724980901,0.5391061452513967,0.6427334487811376,1930,2612,688,3210,0.6706161137440758,0.10809778456837281,0.6184834123222749,0.19938884644766997,0.5622037914691943,0.3624904507257448,1816,1443,34.0
disrupcion,90,A,nacional,regla,arequipa,0.39830641533829503,316,123,0.38924050632911394,0.5098358599474622,0.648911074602974,,1.0000685,189,0.4603174603174603,0.7073170731707317,0.5576923076923077,0.6387665198237885,87,102,36,91,0.4375,0.056910569105691054,0.53125,0.13821138211382114,0.5714285714285714,0.2926829268292683,82,56,30.5
disrupcion,90,A,nacional,regla,nacional,0.39830641533829503,6930,2695,0.3888888888888889,0.41562464881561906,0.5587232029228992,,1.0000685,3116,0.44030808729139925,0.509090909090909,0.47220788160385474,0.49366724237190557,1372,1744,1323,2491,0.34104046242774566,0.0437847866419295,0.38961038961038963,0.10018552875695733,0.4134199134199134,0.21261595547309833,1646,876,33.0
disrupcion,90,A,nacional,logreg,arequipa,0.49479290605828113,316,123,0.38924050632911394,0.4436263169962012,0.593917182695143,0.24617808288231396,0.5072627146678352,106,0.4528301886792453,0.3902439024390244,0.4192139737991266,0.4013377926421405,48,58,75,135,0.3125,0.04065040650406504,0.46875,0.12195121951219512,0.5079365079365079,0.2601626016260163,82,44,31.5
disrupcion,90,A,nacional,logreg,nacional,0.49479290605828113,6930,2695,0.3888888888888889,0.4844825568742912,0.6431118889543582,0.22968148677369546,0.5072627146678352,2149,0.511400651465798,0.4077922077922078,0.45375722543352603,0.4250135354629128,1099,1050,1596,3185,0.48554913294797686,0.06233766233766234,0.5064935064935064,0.13024118738404453,0.5187590187590188,0.26679035250463823,1646,827,36.0
disrupcion,90,A,nacional,rf,arequipa,0.5218762819016809,316,123,0.38924050632911394,0.5042308378972278,0.6496482581406126,0.22899609768053275,0.4744030992949344,159,0.5031446540880503,0.6504065040650406,0.5673758865248227,0.6144393241167435,80,79,43,114,0.5625,0.07317073170731707,0.4375,0.11382113821138211,0.5238095238095238,0.2682926829268293,82,60,36.0
disrupcion,90,A,nacional,rf,nacional,0.5218762819016809,6930,2695,0.3888888888888889,0.5460286382188758,0.6942028725196208,0.21775812981465434,0.4744030992949344,3147,0.5332062281537973,0.6226345083487941,0.5744608010955152,0.6024269404753356,1678,1469,1017,2766,0.6011560693641619,0.07717996289424861,0.5930735930735931,0.15250463821892393,0.5757575757575758,0.2961038961038961,1646,1137,38.0
disrupcion,90,A,nacional,lgbm,arequipa,0.5293027851074779,316,123,0.38924050632911394,0.53353368601861,0.67349087998652,0.21879762588425408,0.35885018244304173,187,0.47058823529411764,0.7154471544715447,0.567741935483871,0.6480117820324006,88,99,35,94,0.5625,0.07317073170731707,0.5625,0.14634146341463414,0.6349206349206349,0.3252032520325203,82,65,31.0
disrupcion,90,A,nacional,lgbm,nacional,0.5293027851074779,6930,2695,0.3888888888888889,0.56256219886138,0.6922599680636448,0.212853012273091,0.35885018244304173,3458,0.5153267784846732,0.6612244897959184,0.5792296440760605,0.6257901390644753,1782,1676,913,2559,0.6734104046242775,0.08645640074211502,0.6507936507936508,0.1673469387755102,0.5966810966810967,0.3068645640074211,1646,1201,37.0
disrupcion,90,A,nacional,xgb,arequipa,0.5361895114261084,316,123,0.38924050632911394,0.5390732224643623,0.6777454821180335,0.2182590663433075,0.36712607741355896,178,0.4943820224719101,0.7154471544715447,0.584717607973422,0.6567164179104478,88,90,35,103,0.5625,0.07317073170731707,0.5625,0.14634146341463414,0.6031746031746031,0.3089430894308943,82,65,32.0
disrupcion,90,A,nacional,xgb,nacional,0.5361895114261084,6930,2695,0.3888888888888889,0.5604268041131767,0.6915646842615978,0.21325905621051788,0.36712607741355896,3250,0.5218461538461538,0.6293135435992578,0.5705634987384357,0.6044191019244476,1696,1554,999,2681,0.6705202312138728,0.08608534322820037,0.6435786435786436,0.16549165120593692,0.6103896103896104,0.31391465677179964,1646,1148,37.0
disrupcion,90,A,arequipa,regla,arequipa,0.38372721994585396,316,123,0.38924050632911394,0.5098358599474622,0.648911074602974,,4.000044962261307,150,0.4866666666666667,0.5934959349593496,0.5347985347985348,0.5685358255451713,73,77,50,116,0.4375,0.056910569105691054,0.53125,0.13821138211382114,0.5714285714285714,0.2926829268292683,82,47,32.0
disrupcion,90,A,arequipa,regla,nacional,0.38372721994585396,6930,2695,0.3888888888888889,0.41562464881561906,0.5587232029228992,,4.000044962261307,2092,0.42447418738049714,0.32949907235621523,0.3710048046793399,0.3449347420758235,888,1204,1807,3031,0.34104046242774566,0.0437847866419295,0.38961038961038963,0.10018552875695733,0.4134199134199134,0.21261595547309833,1646,560,33.0
disrupcion,90,A,arequipa,logreg,arequipa,0.3384219355667756,316,123,0.38924050632911394,0.4096683681939713,0.5362483676650238,0.25467606141123894,0.5743761489905762,43,0.37209302325581395,0.13008130081300814,0.1927710843373494,0.14953271028037382,16,27,107,166,0.375,0.04878048780487805,0.40625,0.10569105691056911,0.3968253968253968,0.2032520325203252,82,14,38.5
disrupcion,90,A,arequipa,logreg,nacional,0.3384219355667756,6930,2695,0.3888888888888889,0.40590072083035417,0.5409726788643976,0.2595753101115524,0.5743761489905762,1054,0.3927893738140417,0.1536178107606679,0.22085889570552147,0.17491972283251647,414,640,2281,3595,0.36416184971098264,0.046753246753246755,0.3823953823953824,0.09833024118738404,0.3953823953823954,0.20333951762523192,1646,307,36.0
disrupcion,90,A,arequipa,rf,arequipa,0.48174832985079996,316,123,0.38924050632911394,0.45479448704874015,0.5782467669236278,0.23950922577989409,0.49351108611804223,83,0.4578313253012048,0.3089430894308943,0.36893203883495146,0.33043478260869563,38,45,85,148,0.4375,0.056910569105691054,0.53125,0.13821138211382114,0.47619047619047616,0.24390243902439024,82,30,33.0
disrupcion,90,A,arequipa,rf,nacional,0.48174832985079996,6930,2695,0.3888888888888889,0.43208936517787244,0.5501603608063382,0.23957044773019082,0.49351108611804223,1118,0.43559928443649376,0.18070500927643784,0.25544190925780225,0.2046562447470163,487,631,2208,3604,0.4797687861271676,0.06159554730983302,0.46464646464646464,0.11948051948051948,0.4314574314574315,0.22189239332096475,1646,395,38.0
disrupcion,90,A,arequipa,lgbm,arequipa,0.4904575511804125,316,123,0.38924050632911394,0.47077691845038794,0.574202788660011,0.2345251544256572,0.47528966450134746,35,0.5428571428571428,0.15447154471544716,0.24050632911392406,0.18026565464895636,19,16,104,177,0.5,0.06504065040650407,0.59375,0.15447154471544716,0.49206349206349204,0.25203252032520324,82,17,30.0
disrupcion,90,A,arequipa,lgbm,nacional,0.4904575511804125,6930,2695,0.3888888888888889,0.4460589600797972,0.5750404899536288,0.23514174470948646,0.47528966450134746,475,0.5073684210526316,0.08942486085343228,0.15205047318611986,0.10706352732119058,241,234,2454,4001,0.5028901734104047,0.06456400742115027,0.47763347763347763,0.12282003710575139,0.47186147186147187,0.24267161410018553,1646,191,37.0
disrupcion,90,A,arequipa,xgb,arequipa,0.5175117657214159,316,123,0.38924050632911394,0.4760034659756065,0.5737394161506382,0.25826331973075867,0.519339938002016,80,0.4375,0.2845528455284553,0.3448275862068966,0.30594405594405594,35,45,88,148,0.625,0.08130081300813008,0.5625,0.14634146341463414,0.47619047619047616,0.24390243902439024,82,33,29.0
disrupcion,90,A,arequipa,xgb,nacional,0.5175117657214159,6930,2695,0.3888888888888889,0.44289152553208033,0.5682218810031257,0.2628946900367737,0.519339938002016,1181,0.4640135478408129,0.20333951762523192,0.28276573787409703,0.2290778363013126,548,633,2147,3602,0.5144508670520231,0.06604823747680891,0.4834054834054834,0.12430426716141002,0.4494949494949495,0.23116883116883116,1646,440,37.0
disrupcion,90,B_full,nacional,regla,arequipa,0.39830641533829503,316,123,0.38924050632911394,0.5098358599474622,0.648911074602974,,1.0000685,189,0.4603174603174603,0.7073170731707317,0.5576923076923077,0.6387665198237885,87,102,36,91,0.4375,0.056910569105691054,0.53125,0.13821138211382114,0.5714285714285714,0.2926829268292683,82,56,30.5
disrupcion,90,B_full,nacional,regla,nacional,0.39830641533829503,6930,2695,0.3888888888888889,0.41562464881561906,0.5587232029228992,,1.0000685,3116,0.44030808729139925,0.509090909090909,0.47220788160385474,0.49366724237190557,1372,1744,1323,2491,0.34104046242774566,0.0437847866419295,0.38961038961038963,0.10018552875695733,0.4134199134199134,0.21261595547309833,1646,876,33.0
disrupcion,90,B_full,nacional,logreg,arequipa,0.4942506868678335,316,123,0.38924050632911394,0.5268545133371414,0.6469522726315345,0.22627008493393588,0.48792409582646157,132,0.5075757575757576,0.5447154471544715,0.5254901960784314,0.5368589743589743,67,65,56,128,0.625,0.08130081300813008,0.53125,0.13821138211382114,0.5396825396825397,0.2764227642276423,82,59,31.0
disrupcion,90,B_full,nacional,logreg,nacional,0.4942506868678335,6930,2695,0.3888888888888889,0.5305495395987785,0.6795062788451219,0.21956742653218608,0.48792409582646157,2728,0.5392228739002932,0.5458256029684602,0.5425041489950212,0.5444921527983417,1471,1257,1224,2978,0.6069364161849711,0.07792207792207792,0.6002886002886003,0.15435992578849722,0.5808080808080808,0.2987012987012987,1646,1080,36.0
disrupcion,90,B_full,nacional,rf,arequipa,0.5295624360508706,316,123,0.38924050632911394,0.4951027694567488,0.6530603648005392,0.22458148138971581,0.44832637659325625,160,0.49375,0.6422764227642277,0.558303886925795,0.6058282208588958,79,81,44,112,0.4375,0.056910569105691054,0.5,0.13008130081300814,0.5079365079365079,0.2601626016260163,82,62,32.5
disrupcion,90,B_full,nacional,rf,nacional,0.5295624360508706,6930,2695,0.3888888888888889,0.5829449321075778,0.7114801339662193,0.21055520893063898,0.44832637659325625,3205,0.5472698907956318,0.650834879406308,0.5945762711864406,0.6271004647836969,1754,1451,941,2784,0.6965317919075145,0.08942486085343228,0.6464646464646465,0.16623376623376623,0.6197691197691197,0.3187384044526902,1646,1211,36.0
disrupcion,90,B_full,nacional,lgbm,arequipa,0.5408488030657359,316,123,0.38924050632911394,0.5219674751764849,0.6753864947975905,0.21739772239365243,0.3707305891090548,166,0.5,0.6747967479674797,0.5743944636678201,0.6306990881458967,83,83,40,110,0.4375,0.056910569105691054,0.5625,0.14634146341463414,0.6031746031746031,0.3089430894308943,82,64,34.0
disrupcion,90,B_full,nacional,lgbm,nacional,0.5408488030657359,6930,2695,0.3888888888888889,0.5926662877966695,0.7103918446202135,0.207763164893155,0.3707305891090548,3404,0.5352526439482961,0.6760667903525046,0.5974749959009674,0.642272983643542,1822,1582,873,2653,0.7023121387283237,0.0901669758812616,0.7070707070707071,0.18181818181818182,0.6486291486291487,0.33358070500927645,1646,1231,36.0
disrupcion,90,B_full,nacional,xgb,arequipa,0.5424639820272812,316,123,0.38924050632911394,0.5171162009467443,0.6640970554783268,0.2190828025341034,0.3693152517080307,182,0.4835164835164835,0.7154471544715447,0.5770491803278689,0.6528189910979229,88,94,35,99,0.5625,0.07317073170731707,0.53125,0.13821138211382114,0.6190476190476191,0.3170731707317073,82,66,32.5
disrupcion,90,B_full,nacional,xgb,nacional,0.5424639820272812,6930,2695,0.3888888888888889,0.590424155413164,0.7103850543115173,0.2075762152671814,0.3693152517080307,3420,0.5350877192982456,0.6790352504638218,0.598528209321341,0.6443661971830986,1830,1590,865,2645,0.7052023121387283,0.09053803339517626,0.6911976911976911,0.1777365491651206,0.6435786435786436,0.33098330241187385,1646,1232,35.0
disrupcion,90,B_full,arequipa,regla,arequipa,0.38372721994585396,316,123,0.38924050632911394,0.5098358599474622,0.648911074602974,,4.000044962261307,150,0.4866666666666667,0.5934959349593496,0.5347985347985348,0.5685358255451713,73,77,50,116,0.4375,0.056910569105691054,0.53125,0.13821138211382114,0.5714285714285714,0.2926829268292683,82,47,32.0
disrupcion,90,B_full,arequipa,regla,nacional,0.38372721994585396,6930,2695,0.3888888888888889,0.41562464881561906,0.5587232029228992,,4.000044962261307,2092,0.42447418738049714,0.32949907235621523,0.3710048046793399,0.3449347420758235,888,1204,1807,3031,0.34104046242774566,0.0437847866419295,0.38961038961038963,0.10018552875695733,0.4134199134199134,0.21261595547309833,1646,560,33.0
disrupcion,90,B_full,arequipa,logreg,arequipa,0.3459791606990977,316,123,0.38924050632911394,0.4325195302275534,0.5641349677745482,0.2526023732236794,0.5456495724817971,66,0.42424242424242425,0.22764227642276422,0.2962962962962963,0.25089605734767023,28,38,95,155,0.5,0.06504065040650407,0.4375,0.11382113821138211,0.42857142857142855,0.21951219512195122,82,25,48.0
disrupcion,90,B_full,arequipa,logreg,nacional,0.3459791606990977,6930,2695,0.3888888888888889,0.4214862901016863,0.5685705962110077,0.25786771414375514,0.5456495724817971,1541,0.43218689162881246,0.24712430426716142,0.31444759206798867,0.2702702702702703,666,875,2029,3360,0.3786127167630058,0.048608534322820036,0.4098124098124098,0.10538033395176252,0.43362193362193363,0.22300556586270873,1646,526,37.0
disrupcion,90,B_full,arequipa,rf,arequipa,0.46208540769905376,316,123,0.38924050632911394,0.4658161767711486,0.597371414128649,0.2382849984717194,0.49152674027437193,96,0.46875,0.36585365853658536,0.410958904109589,0.3826530612244898,45,51,78,142,0.5625,0.07317073170731707,0.5625,0.14634146341463414,0.5396825396825397,0.2764227642276423,82,36,31.0
disrupcion,90,B_full,arequipa,rf,nacional,0.46208540769905376,6930,2695,0.3888888888888889,0.47268146748386086,0.6032058142565817,0.23598800031689884,0.49152674027437193,1168,0.4991438356164384,0.2163265306122449,0.30183794977996375,0.24397388684298627,583,585,2112,3650,0.5520231213872833,0.07087198515769945,0.5122655122655123,0.13172541743970315,0.487012987012987,0.2504638218923933,1646,492,35.5
disrupcion,90,B_full,arequipa,lgbm,arequipa,0.5716561771799238,316,123,0.38924050632911394,0.48777449292750585,0.6156535658620835,0.22812527098542826,0.47575498630405944,63,0.5396825396825397,0.2764227642276423,0.3655913978494624,0.3063063063063063,34,29,89,164,0.5625,0.07317073170731707,0.46875,0.12195121951219512,0.5396825396825397,0.2764227642276423,82,28,23.5
disrupcion,90,B_full,arequipa,lgbm,nacional,0.5716561771799238,6930,2695,0.3888888888888889,0.45870622943628614,0.5955814804187212,0.23274364263764677,0.47575498630405944,966,0.4979296066252588,0.17847866419294992,0.2627697350450697,0.204750553379874,481,485,2214,3750,0.5028901734104047,0.06456400742115027,0.4935064935064935,0.12690166975881262,0.4769119769119769,0.24526901669758813,1646,404,35.5
disrupcion,90,B_full,arequipa,xgb,arequipa,0.5407171589605244,316,123,0.38924050632911394,0.48823011165720787,0.6113989637305699,0.23212124407291412,0.5110035367886625,71,0.49295774647887325,0.2845528455284553,0.36082474226804123,0.3108348134991119,35,36,88,157,0.625,0.08130081300813008,0.59375,0.15447154471544716,0.47619047619047616,0.24390243902439024,82,31,31.0
disrupcion,90,B_full,arequipa,xgb,nacional,0.5407171589605244,6930,2695,0.3888888888888889,0.4840847155790274,0.6175229830045145,0.23361735045909882,0.5110035367886625,755,0.5364238410596026,0.150278293135436,0.23478260869565218,0.1755526657997399,405,350,2290,3885,0.5404624277456648,0.06938775510204082,0.5353535353535354,0.13766233766233765,0.5194805194805194,0.26716141001855287,1646,339,35.0
disrupcion,90,B_full_sinproxy,nacional,lgbm,arequipa,0.5390528234244418,316,123,0.38924050632911394,0.5191877427577265,0.6755971186654871,0.2176812308567123,0.36946364268680343,172,0.5116279069767442,0.7154471544715447,0.5966101694915255,0.6626506024096386,88,84,35,109,0.5,0.06504065040650407,0.53125,0.13821138211382114,0.6031746031746031,0.3089430894308943,82,67,32.0
disrupcion,90,B_full_sinproxy,nacional,lgbm,nacional,0.5390528234244418,6930,2695,0.3888888888888889,0.5925750093647832,0.7110413485991154,0.2078842503478915,0.36946364268680343,3451,0.5337583309185743,0.6834879406307978,0.5994142531727953,0.6471786943995502,1842,1609,853,2626,0.7485549132947977,0.09610389610389611,0.696969696969697,0.17922077922077922,0.6493506493506493,0.3339517625231911,1646,1235,36.0
